JP	KR
おかげで俺は自分の仕事がぜんぜん片づかない。	덕분에 나는 일이 전혀 끝나지 않는다.
　そこにラシィがやってくる。	거기에 라시이가 찾아온다.
　彼女は室内をきょろきょろ見回すと、ほうきでパーカーを拾い集めているカイトを見つけた。	그녀는 실내를 두리번 두리번 둘러보면 비로 파커를 주워서 있는 카이트를 발견했다.
「カイトさん、頼まれてた魔法書を見つけてきましたよ。あ、これ違う……」	"카이트 씨, 부탁한 마법서를 찾아 왔어요.아 이 다르다……"
「違うのかよ！　てかこれ料理の本じゃないか！　どこをどう間違えたんだよ、ラシィさん！」	" 다른지!근데 이 요리 책이잖아!어디를 어떻게 잘못된 거야, 라시이 씨!"
　もうゴチャゴチャになっているところに、アイリア魔人公がとどめを刺しにやってきた。	이제 고챠고챠에 되었는데, 아이 코리아 마인 공이 오금을 박다에 왔다.
「みなさんお揃いですね。マオ殿が賄賂を持ってきてくれましたので、尋問がてらお茶にしませんか？」	"여러분 모두 같이 외출이군요.마오전이 뇌물을 가져다 주었으므로, 신문 겸 차로 하지 않겠습니까?"
　賄賂って、もしかしてその大量のパウンドケーキのことか。	뇌물은 혹시 그 대량의 파운드 케이크 얘긴가?
　遅れてやってきたマオがふてくされている。	뒤늦게 찾아온 마오가 부루퉁하고 있다.
「誰かさんのせいで本業がすっかり落ち目でして、従業員を養うために賄賂持参で陳情に来たんですがね。軽くあしらわれてしまいました」	"누구 때문에 본업이 완전히 내리막 길이라서 종업원을 기르기 위해서 뇌물을 싸들고 진정하러 왔는데요?가볍게 다루어졌습니다"
　誰かさんって誰だよ。俺は知らないぞ。	누군가라니 그게 누구야.나는 모르겠다.
　だがマオの商売がうまくいっていないことには、俺もほんの少しだけ関係しているかもしれないな。	그러나 마오의 장사가 잘 되지 않는 데에는 나도 조금만 관계 있을지도 모르지.
「マオ、ついでだからガーシュ卿に塩田の相談でもしていけ。増産体制を整えているところだから、取引量が増えそうだ」	"마오, 김이니까 가슈 경에 염전의 상담이라도 한다.증산 태세를 갖추고 있는 곳이니까, 거래량이 늘어날 것 같다"
　すると彼は眉をぴくりと動かし、ふてぶてしい笑みを浮かべた。	그러자 그는 눈썹을 꿈틀하고 움직이고 뻔뻔스러운 미소를 지었다.
「おや、いいんですか？」	"참, 좋나요?"
「裏の裏まで知っている貴殿に裏切られると困るからな。ただし不当に利益を独占したら、頭からまるかじりだ」	" 숨겨진 이면까지 아는 당신에게 배신당하면 곤란하니까.다만 부당하게 이익을 독점하면 머리부터 꼬박 빼먹다"
　マオはわざとらしく肩をすくめてみせる。	마오는 일부러 듯 어깨를 움츠리고 있다.
「恐ろしいお方ですね、黒狼卿は」	" 무서운 분이군요, 흑랑 경은"
　そりゃあもう。	그건 벌써.
　するとマオはふと思い出したように、こう切り出した。	그러자 마오는 문득 생각 난 듯, 이런 말을 꺼냈다.
「先ほどアイリア様にも報告したんですが、北部の噂ではエレオラ皇女がウォーンガングの駐留軍を動かそうとしているそうです」	"아까 아이 코리아들에게도 보고했는데 북부의 소문으로는 에레오라 아들이 원 강그의 주둔군을 움직이려고 한답니다"
「本当か？」	"정말?"
　ここで焦って戦争をするほど、彼女も愚かではないと思うんだが。	여기서 초조해서 전쟁을 할 정도로 그녀도 어리석지 않다고 생각하는데.
　俺が知る限り、彼女の配下にはロルムンド正規軍がほとんどいない状態だ。かといってミラルディア人同士を戦わせると、何が起きるかわからない。	내가 아는 한 그녀의 부하에는 롤뭉도 정규군이 거의 없는 상태이다.그렇다고 미라 루디아인끼리 싸우게 하면 무슨 일이 일어날지 모른다.
　ここでの軍事行動は、あまり良い策とは思えない。	여기에서의 군사 행동은 별로 좋은 책과 같지는 않다.
　しかしマオは真剣な表情で続ける。	그러나 마오는 진지한 표정으로 계속한다.
「保存食や塩などの納入で、それらしい動きがありました。私に調べられる範囲ではそれが限界でしたので、それ以上はそちらで」	"보존 음식이나 소금 등의 납품, 그럴 듯한 움직임이 있었습니다.나에게 뒤지는 범위에서는 그것이 한계였기 때문에 그 이상은 그쪽에서 "
　この世界の軍隊は兵站が未発達だが、エレオラ皇女は兵站を重視している。だからこうして流通を見張っていれば、動きを察知できることもある。	이 세상의 군대는 병참이 발달되지 않지만 에레오란 왕녀는 병참을 중시하고 있다.그래서 이렇게 유통을 감시하고 있으면 움직임을 알아차릴 수 있다.
「わかった、ウォーンガング太守のドネーヴァ殿とは面識がある。念のため、ヴィルハイム太守経由で聞いてみよう」	" 알았다, 원 강그 태수의 도네ー우아도 노와는 면분이 있다.노파심, 빌 하임 태수 경유에서 물어보세요"
　俺が会話を切り上げて室内を見回すと、たいして広くもない執務室は人間と魔族がごちゃごちゃと入り乱れておやつを食べていた。	내가 대화를 마치고 실내를 둘러보면 그다지 넓지도 않는 집무실은 인간과 마족이 어수선하게 뒤섞이고 간식을 먹고 있었다.
　骸骨の魔術師と人間の魔術師が互いの知識を交換し、竜人族の技官が人間の太守と一緒に新しい設備の相談をしている。	해골의 마술사와 인간의 마술사가 서로의 지식을 교환하고 류진족의 기관이 인간의 태수와 함께 새로운 설비의 상담을 하고 있다.
　あの日、俺がこの館の窓から飛び込んだときには、こんな日が来るとは思ってもみなかったな。	그날 내가 이 집 창문으로 뛰어들었을 때에는 이런 날이 올 줄은 몰랐구나.
　俺の仕事がぜんぜん片づかないのは困るが、俺の執務室で各部署の情報交換や交流が行われているのも事実だ。	내 일이 전혀 끝나지 않는 것은 곤란하지만 나의 집무실에서 각 부서의 정보 교환 및 교류가 이뤄지는 것도 사실이다.
　おかげで俺が北部でコスプレ行脚をしている間も、南部連邦はどんどん発展していく。	덕분에 내가 북부에서 코스프레 행보를 하는 동안에도, 남부 연방은 계속 발전한다.
　そう考えると、これもなかなか悪くないかもしれない。	그러고 보면 이것도 웬만한 없을지도 모른다.
「ヴァイト様、考え事してないで食べましょう！」	"우아이토님 생각하지 말고 먹읍시다!"
　犬人兵たちに服の裾を引っ張られ、俺は我に返る。	개인 병사들에게 옷 자락을 잡고 나는 나에게 돌아가다.
「ん、ああ。そうだな」	"응, 아아.그렇구나"
「はい、ケーキどうぞ！」	"네, 케이크 드세요!"
「ありがとう」	" 고맙습니다"
　ケーキの皿を受け取った後、俺はふと気づく。	케이크 접시를 받은 뒤 나는 문득 깨닫는다.
　いつ入ってきた、お前たち。	언제 들어온 너희들.
　　　　＊　　　　　　＊	＊ ＊
「エレオラ戦記・その６」	"에레 오라 전기·6"
　北東のクラウヘンに戻っていたエレオラ皇女は、ボルシュ副官からの報告を聞いて、小さくうなずいた。	북동쪽 크라우 이상으로 돌아갔던 에레오란 왕녀는 보르 슈 부관의 보고를 듣고 작은 고개를 끄덕였다.
「済まないな、ボルシュ。こんな任務は嫌だろう？」	"미안하네 보르 슈.이런 임무는 싫겠지?"
　すると歴戦の副官は苦笑しつつ、敬礼してみせた。	한다고 역전의 부관은 쓴웃음을 지고 경례했다.
「任務とニンジンの好き嫌いは許されないと、殿下に常々申し上げて参りましたからな。私も嫌とは申せません」	"임무와 당근의 호불호는 허용되지 않으면 전하께 항상 말씀 드리고 왔습니다~.나도 싫다고는 하지 않습니다"
「子供の頃の話を織り交ぜて、私を困惑させるのはよせ」	" 어린 시절의 이야기를 섞어 나를 당황시키는 것은 그만두었다"
　苦笑したエレオラに、ボルシュが真顔で尋ねる。	쓴웃음을 진 에레 내에 보르시가 정색을 하고 묻는다.
「しかし殿下、この程度では不十分ではありませんか？」	"그러나 전하, 이 정도로는 부족 아닌가요?"
「いや、あまりわざとらしくすれば真意を看破される」	"아니, 별로 부자연스럽게 하면 진의를 간파되다"
　エレオラ皇女は食糧の購入計画書を処理済みの書類箱に投げ込むと、不敵に微笑んだ。	에레 오라 왕녀는 식량 구입 계획서를 처리한 서류 상자에 던지면 당돌하게 웃는다.
「あの鼻の良い黒狼卿のことだ、この程度の動きでも見逃すまい。食糧の流れとロルムンド式の兵站を結びつけるぐらいは造作もないはずだ」	"그 코의 좋은 흑랑 경의 것이다, 이 정도의 움직임이라도 놓치지 않기.식량의 흐름과 롤뭉도식의 병참을 연결하는 정도는 문제도 없다"
「殿下はずいぶんと彼を高く評価しておいでですな」	"전하께서는 무척이나 그를 높이 평가하고 오로군"
「あの男、ミラルディアの軍人としては最も洗練されている。些細な兆候から次の一手を読みとるだろう」	"그 남자 미라 루디아의 군인으로선 가장 세련되고 있다.사소한 징후로 다음 한 수를 알아챌 것"
　ボルシュはそれにうなずいた。	볼슈는 그것에 고개를 끄덕였다.
「確かに油断のならない相手です。判明している限り、魔王軍はロルムンド軍に匹敵する近代化を遂げていますからな」	"확실하게 방심할 수 없는 상대입니다.판명되어 있는 한 마왕 군은 롤뭉도군에 맞먹는 근대화를 이루고 있습니다~"
「そうだ。元老院の寝ぼけた騎士団とは訳が違うぞ」	" 그렇다.원로원의 멍청한 기사단과는 사정이 아니라고"
　そう言ってから、エレオラ皇女はフッと自嘲気味に笑う。	그러면서 에레오란 왕녀는 훗 하고 자조하는 경향이 웃는다.
「しかし今は手勢が少ないので情勢がつかめん。危険な状態だというのは調べずともわかるがな」	"그러나 지금은 수병이 적기 때문에 정세가 찾아.위험한 상태라는 건 조사하지 않아도 알겠는데"
　魔撃大隊は体調不良者が続出していて、太守の監視任務などに支障が出ていた。	마귀 공격 대대는 컨디션 불량자가 속출하고 있어 태수의 감시 임무 등에 차질이 빚어지고 있었다.
　もともと諜報活動などは不慣れな部隊でもあり、エレオラ皇女は部下たちに無理をさせないことにしている。	원래 첩보 활동 등은 낯선 부대이자 에레오라 아들은 부하들에게 무리하지 않기로 했다.
「ところで予備大隊のほうは、露見しないよう進めているか？」	"그런데 예비 대대는 드러나지 않게 진행하고 있는가?"
「そちらは極秘裏に行っております。物資の動きも二重に偽装していますので、さすがに気づかれないかと」	"그쪽은 극비리에 가고 있습니다.물자의 움직임도 이중으로 위장 하고 있으므로 역시 눈치 채지 않을까"
「そうあってほしいものだな」	"그래서 원하는 것이구나"
　エレオラ皇女は窓の外をちらりと眺める。	에레 오라 왕녀는 창 밖을 흘깃 바라보다.
　ミラルディアの夏が近づきつつあった。	미라 루디아의 여름이 다가오고 있었다.
「これから辛い季節だな、ボルシュ」	"앞으로 매운 계절이다, 보르 슈"
「そうですな。この暑さは堪えますが、半裸で行軍という訳にもいきません」	" 그렇구나.이 더위는 참는데 반라로 행군 할 수도 없습니다"
　暑さが増すにつれて、ロルムンド兵たちの体調はますます悪くなっている。異国の気候と絶え間ない緊張が、彼らを疲弊させているのだ。	더위가 커지면서 롤뭉도병들의 몸은 점점 나빠지고 있다.이국의 기후와 끊임 없는 긴장감이 그들을 피폐시키고 있는 것이다.
　そして気候よりも重大な懸念事項があった。	그리고 기후보다 중대한 우려 사항이 있었다.
「それに外交力の差も出てきている。表向きは平穏だが、もはや北部太守も味方とは言いがたい」	"그것에 외교력의 차이도 나오고 있다.겉으로는 평온하지만 이제 북부 태수도 아군이라고 할 수는 없다"
「評議会からの切り崩し工作ですか」	"평의회로부터 헐공작인가요 "
「そうだ。このままでは北部太守たちが公然と反旗を翻しかねん」	" 그렇다.이대로는 북부 태수들이 공공연히 반기를 들 수 있어"
　エレオラに残された猶予は、もうほとんどなかった。	에레 내에 남은 유예는 이제 거의 없었다.
　一方その頃。	한편 그 무렵.
　北部の宗教都市イオロ・ランゲは、ミラルディアにおける輝陽教の聖地だ。ここから発せられる輝陽教の布告は、極めて大きな影響力を持つ。	북부의 종교 도시인 이오-러·랑게는 미랄디아의 휘양교의 성지이다.여기에서 발산되는 휘양교의 포고는 매우 큰 영향력을 갖는다.
　イオロ・ランゲ大聖堂の中にある議場で、リューンハイト司祭のユヒトは深々と一礼した。	이오로·랑게 대성당 안에 있는 방에서 류ー은 하이트 사제의 유 사람은 깊숙이 머리를 숙였다.
「御清聴に感謝いたします」	"번거로이 말씀에 감사 드립니다"
　北部の司祭たちがそれに応じて拍手する。	북부의 사제들이 그에 따르고 박수 치고 있다.
　ここでは数時間に渡る白熱した議論とユヒト司祭の熱弁の末、ようやく話がまとまったところだ。	여기에서는 몇시간 동안 열띤 논의와 유히고 사제의 열변의 끝에 겨우 이야기가 성사된 곳이다.
　ミラルディア輝陽教を束ねる最高司祭オベニウスは、何度もうなずきながら口を開いた。	미랄디아 휘양교를 묶은 최고 사제 오베니우스는 몇번이나 고개를 끄덕이며 입을 열었다.
「ユヒト殿のお話に私も感動しました。最初に言ったことはお詫びいたします」	"유 인간님의 말씀에 나도 감동했습니다.처음에 했던 것은 사과 드립니다"
　それから彼は議場の長テーブルの上に、二冊の教典を置いた。	그리고 그는 의장의 긴 테이블 위에 두권의 경전을 뒀다.
　分厚いほうがロルムンド輝陽教の教典で、薄いほうがミラルディア輝陽教の教典だ。	두꺼운 게 롤뭉도 휘양교의 교전에서 얇은 게 미랄디아 휘양교의 경전이다.
　逃亡奴隷たちがミラルディアに持ち込んだ教典は、本国にあったものの一部でしかない。	도망 노예들이 미랄디아에 들여온 교전은 본국에 있던 것의 일부분에 불과하다.
「エレオラ皇女から頂いた教典を何度も拝読しましたが、私はこれに感銘を受けませんでした。自分が信じてもいない教えを、どうやって皆に説けましょうか」	"에레 오라 왕녀가 주신 교전을 몇번이나 읽었지만 저는 이에 감명을 받지 않았습니다.자신이 믿지도 않은 가르침을 어떻게 모두에게 말할 수 있다요?"
　北部民の先祖たちは、この不慣れな逃亡先で団結する必要があった。敵は魔物や自然そのものだ。身内で争っている余裕はない。	북부민의 조상들은 이 낯선 도피처에서 단결할 필요가 있었다.적은 마물과 자연 그 자체이다.집안에서 싸우고 있을 여유는 없다.
　その結果、ミラルディア輝陽教は横のつながりを重視する宗派へと変貌を遂げた。	그 결과 미랄디아 휘양교는 횡적 연계를 중시하는 종파로 변모를 이룩했다.
　一方、為政者の統治の道具となっているロルムンド輝陽教は、反乱を最大の脅威とみなしている。そのため、縦のつながりを重視する宗派だ。	한편 위정자의 통치의 도구가 되고 있롤뭉도 휘양교는 반란을 최대의 위협으로 간주했다.그래서 종적 관계를 중시하는 종파이다.
　教典の解釈などには、両者の違いがはっきりと現れていた。	교전의 해석 등에는 양자의 차이가 분명히 나타나고 있었다.
　オベニウス最高司祭は穏やかに微笑む。	오베니우스 최고 사제는 조용히 웃는다.
「ユヒト殿のお言葉は胸に染み渡りました。教典の解釈として矛盾はありませんし、何よりミラルディア輝陽教の精神を感じます」	"유 인간님의 말씀은 가슴에 사무치는 건넜습니다.교전의 해석으로 모순이 아니고 무엇보다 미랄디아 휘양교의 정신을 느낍니다"
「恐れ入ります」	" 죄송합니다"
　誇る訳でもなく、ユヒト司祭は控えめな態度だ。	자랑하는 것도 아니고 유히고 사제는 조심스러운 태도다.
　他の司祭たちも、一様に穏やかな表情を浮かべている。	다른 사제들도 한결같이 온화한 표정을 짓고 있다.
　同じ哲学を持つ者同士の心地よい沈黙を、その場にいる全員が感じているようだった。	같은 철학을 가진 자들의 정겨운 침묵을 그 자리에 있는 모든 사람들이 느끼는 듯했다.
　オベニウスはミラルディア輝陽教の教典に片手を置き、もう片方の手を胸に当てて厳かに宣言する。	오베니우스은 미랄디아 휘양교의 경전에 손을 두고 다른 손을 가슴에 대고 엄숙하게 선언하다.
「このオベニウス・イオロ・ユピテウム三世は、ユヒト正司祭の教典解釈を正当なものと認めます。かの者の輝陽教発展への功績と深遠なる知見を称え、大司祭に推挙したく思います。異論のある方は起立をもって意志を示してください」	"이 오베니우스·이오로·유피테움 세세는 유히와 시요 우지제의 경전 해석을 정당한 것으로 인정합니다. 그 사람의 휘양교 발전의 공적과 심원한 지식을 기리며 큰 사제가 추대하고 싶어요.이론이 있는 분은 기립을 가지고 의지를 보이세요"
　誰も立つ者はいない。全会一致の可決だ。	누구도 뛰어난 사람들은 없다.만장 일치의 가결이다.
　輝陽教の大司祭といえば、イオロ・ランゲ以外には数名しかいない。特に南部では初めてのことだった。	휘양교의 대신부라고 하면 이오로·랑게 이외에는 몇명밖에 없다.특히 남부에서는 처음이었다.
　ユヒト大司祭が深々と頭を下げる。	유히고 큰 사제가 심々다고 고개를 숙인다.
「畏れ多いことです。大司祭となるにはあまりにも罪深く矮小な信徒ですが、一人でも多くの方を救えるよう、微力を尽くして参ります」	"황공하다 것입니다.대사제가 되려면 너무 죄 많은 왜소한 신도이지만, 한 사람이라도 많은 분을 구하도록 미력을 다하고 있습니다"
　するとオベニウスは微笑みながら、最高司祭の帽子と法衣を脱いだ。	그러자 오베니우스는 웃으면서 최고 사제의 모자와 법의를 벗었다.
「期待しておりますよ、ユヒト殿」	"기대하고 있어요, 유 사람도 노"
　笑顔は変わらないが、オベニウスは先ほどよりも少しだけ実務的な口調で切り出した。	미소는 변하지 않았지만, 오베니우스은 아까보다 조금만 실무적인 어조로 말했다.
「さて、とても心地よい時間でしたが、教義の話はひとまずここまでにしておきましょう。すぐに評議会に使者を送ります。ユヒト殿、仲介をお願いできますか？」	"자, 너무 좋은 시간이었지만, 교의의 이야기는 일단 여기까지 합시다. 곧 평의회에 사신을 보냅니다.유 사람도, 중개를 부탁할 수 있어요?"
「はい、喜んで」	"네, 기꺼이"
　ユヒト大司祭は、イオロ・ランゲ太守オベニウスに恭しく一礼した。	유히고 큰 사제는 이오로·랑게 태수 오베니우스에 공손히 머리를 숙였다.
　クラウヘンでは、エレオラ皇女が直属の魔撃大隊を前にして説明をしていた。	크라우 이상이, 에레오라 아들이 직속의 법칙 공격 대대를 앞두고 설명을 하고 있었다.
「以上のように、状況は深刻だ。我々には残された時間がもうない」	"이상과 같이 상황이 심각하다.우리에게는 남겨진 시간이 더 없다"
　隊員たちは無表情だが、緊張感を漂わせている。	대원들은 무표정이지만, 긴장감을 풍기고 있다.
「軍事的な観点で言えば、ここでの軍事行動は愚挙の極みだ。本来ならば、援軍を待つのが当然だ。しかし援軍は秋まで来ない」	"군사적 관점에서 말하면 여기서 군사 행동은 어리석은 짓의 표본이다. 본래라면, 원군을 기다리는 것이 당연하다.그러나 원군은 가을까지 안 오"
　一同が無言でうなずく。	일동이 말 없이 고개를 끄덕였다.
　だがエレオラは、眉間にしわを浮かべながら続けた。	그러나 에레 오라는 미간에 주름을 지으며 계속했다.
「一方、政治的な観点では、この作戦は極めて重要だ。現状のまま皇帝陛下が崩御なされた場合、我々の立場は極めて微妙なものになる」	"한편 정치적 관점에서는 이 작전은 매우 중요하다.현상태 황제 폐하가 승하 이루어졌을 경우, 우리의 입장은 매우 미묘한 것이 "
「あの、具体的にどうなりますか？」	"그 구체적으로 어떻게 됩니까?"
　ナタリアが挙手しておずおずと質問したので、エレオラは思わず微笑む。	나타리아가 손을 들어 쭈뼛쭈뼛 질문한 것으로 에레 오라는 무심코 웃는다.
「我々はまだ任務を達成できていない。そして皇帝陛下が崩御なされれば、この任務は中止となる可能性が高い」	"우리는 아직 임무를 달성하지 못하고 있다.그리고 황제 폐하가 승하하면 이 임무는 중단될 가능성이 크다"
「えと、つまり懲罰の可能性があるということですか？」	"네, 그러니까 징벌의 가능성이 있다는 건가요?"
「そうだな。呼び戻されて査問を受けることになるだろう」	" 그렇군.소환되고 사문을 받게 될 것"
　そうすればエレオラの経歴に傷がつき、ロルムンド国内での地位は急低下する。他の皇子たちにとっては好都合だろう。	그러면 에레오라의 경력에 상처를 입었고, 롤뭉도 국내에서의 지위는 갑자기 저하된다.다른 아들들에게는 안성맞춤이다.
　エレオラはミラルディアの地図を示す。リューンハイトにあるものほど正確ではないが、ロルムンド軍が入手可能な中では最も精密な地図だ。	에레 오라는 미랄디아의 지도를 나타낸다.류ー은 하이트에 있는 것일수록 정확하지는 않지만 롤뭉도군이 입수 가능한 가운데 가장 정밀한 지도이다.
「作戦の概要は先ほど伝えた通りだ。作戦を中止する場合はいったんウォーンガングに帰還するが、その後即座にクラウヘンへの退却を開始する。本隊に合流できなかった場合は、直接クラウヘンに向かえ」	"작전의 개요는 방금 전했던 대로다. 작전을 중단하는 경우는 일단 원 강그에 귀환하지만 그 후 즉각 크라우 이상의 퇴각을 개시한다.본대에 합류하지 못한 경우는 직접 크라우 이상으로 향하는 "
　エレオラ皇女はボルシュ副官に向き直る。	에레 오라 왕녀는 보르 슈 부관으로 방향을 바꾼다.
「長期の作戦行動が可能な大隊員は九十八名か、ボルシュ」	"장기 작전이 가능한 대대원은 구십팔명인지 볼 슈"
「九十七名になりました。昨夜からスニーツェが高熱を出しています」	"구십칠명이 되었습니다.어젯밤부터 스니ー츠에가 고열을 내고 있어요 "
「病人は十名か。ここの責任者が必要だな」	"환자는 열명?여기 책임자가 필요하구나"
　エレオラ皇女は少し考え、すぐさま指示を下した。	에레 오라 왕녀는 조금 생각하고 곧 지시를 내렸다.
「よし、クラウヘンに二名残す。エスカヤ三等士官、それとゼートル、太守との折衝を担当しろ。病人たちの安全を守れ」	" 좋아, 크라우 이상으로 두명 남긴다. 에스카야 삼등 사관, 그리고 제ー톨, 태수와의 절충을 담당한다.환자들의 안전을 지킨다"
「はっ！」	"헉!"
　古参の士官と兵士が敬礼した。	고참 사관과 병사가 경례했다.
　それにうなずき返し、エレオラは残る全員に命じる。	그것에 우나즈키반시, 에레 오라는 나머지 전원에게 명한다.
「残る九十五名は予備魔撃大隊と共に出立し、城塞都市ウォーンガングにて友軍と合流する。ただちに準備にかかれ！」	"나머지 구십 오명은 예비광 공격 대대와 함께 출발하고 성채 도시 우오ー은강그에서 우군과 합류한다.즉각 준비에 걸린다!"
「はっ！」	"헉!"
　彼女の指示に、全員が敬礼で応えた。	그녀의 지시에 모두 경례로 답했다.
　　　　＊　　　　　　＊	＊ ＊
　俺がロルムンド軍の動きを察知したのは、ガーニー兄弟の頭をぐりぐり攻撃しているときだった。	내가 롤뭉도군의 움직임을 간파한 것은 가니 형제의 머리를 누르면서 공격하고 있을 때였다.
　こいつら、目を離すとすぐにバカなことをしでかすからな。	이놈들, 눈을 떼자마자 바보 같은 짓을 저지르니까.
　今日も勝手にスモークチキンを作ろうとして、旧市街でたき火をしていた。	오늘도 마음대로 스모크 치킨을 만들고, 구 시가에서 모닥불을 하고 있었다.
「なんでたき火で怒られなきゃならねえんだよ!?」	"왜 모닥불에 혼 나지 않으면 안 된단 말야!"
　叫ぶガーニー兄の頭にヘッドロックを極めながら、俺は叫び返す。	외치다 가니 형의 머리에 헤드 락을 다하면서 나는 규비반스.
「旧市街でたき火は禁止だって言っただろうが！」	"구 시가에서 모닥불은 금지라고 말했지.!"
　すると俺の尻の下敷きになっているガーニー弟が、不思議そうに首を傾げる。	그러자 내 엉덩이 밑에 깔리고 있다 가니 동생이 신기한 듯 고개를 갸웃거린다.
「あれ、たき火しても良くなったんじゃなかったっけ？」	"어라, 모닥불도 좋은 건 아니지 않나?"
「それは新市街のほうだ！」	"그것은 신시가의 편이다!"
　新市街は竜火工兵隊の協力で、消防用水や防火帯が整備されてるからな。道幅もゆったりしているので、延焼しにくい。	신시가는 용 야화공 군인의 협력으로, 소방용 물과 방화대가 정비되고 있으니까.노폭도 느긋하게 있어 연소하기 어렵다.
　俺が魔法で強化されたジャーマンスープレックスでガーニー兄をぶん投げた辺りで、モンザがやってくる。	내가 마법에서 강화된 저먼 스플렉스로 가니 형을 집어던지단 근처에서 몬 디가 찾아온다.
「あは、面白そう。あたしもやっていい？」	"그거, 재미 있겠다.나도 하고 좋은?"
「いいけど、なんか用があって来たんじゃないのか？」	" 좋지만 뭔가 볼일이 있어서 왔잖아?"
　するとモンザはガーニー兄を引きずりながら、ふと思い出したようにつぶやく。	그러자 몬 더는 가니 형을 끌면서 문득 생각 난 듯 중얼거린다.
「あ、そうだった。アイリアが呼んでるよ。ロルムンドがどうとかって」	"아, 그랬다. 아이 코리아가 부르고 있어요.롤뭉도이 어쩌고 하면서도 "
「それを早く言えよ！」	"그것 빠르게 말하자!"
「ロルムンド軍が城塞都市ウォーンガングから南下を開始し、四隊に分かれた模様です」	"롤뭉도군이 성채 도시 우오ー은강그에서 남하를 시작하고 네대로 갈라진 모양입니다"
　緊急の幹部会議で、カイトが壁にかかった地図を示す。	긴급 간부 회의에서 카이트가 벽에 걸린 지도를 나타낸다.
　即座にアイリアが疑問を呈した。	즉시 아이 코리아가 의문을 제기했다.
「軍略の基本は、兵を束ねることです。分散させる理由がわかりませんね」	"군략의 기본은 군사를 묶는 것입니다.분산 시키는 이유를 모르겠네요 "
　城壁に囲まれた都市を包囲攻撃するには、かなりの兵力を必要とする。四隊に分けても大丈夫なぐらい兵力があれば別だが、彼女の直属の部下は二百人もいないはずだ。	성벽에 둘러싸인 도시를 포위 공격하려면 상당한 병력을 필요로 한다.네대에 나누어도 괜찮은 정도 병력이 있으면 몰라도 그녀의 직속 부하는 2백명도 없을 것이다.
　俺はカイトに質問する。	나는 카이토에게 질문한다.
「兵の規模は？」	"병사의 규모는?"
「シュベルムとウォーンガングの駐留軍が合計七千。内訳は騎士団と傭兵です。これは北部側の総戦力に相当しますね」	"슈벨무과 원 강그의 주둔군이 모두 칠천. 내용은 기사단과 용병입니다.이는 북부 측의 총 전력에 해당합니다."
　南部の小都市なら力押しで潰せる戦力だが、それを四つに分ける意味がわからないな。	남부의 소도시이라면 대강 찌부러뜨릴 수 있다 전력이지만 그것을 넷으로 나눌 의미가 모르겠네.
　カイトが説明を続ける。	카이토가 설명을 계속한다.
「あと未確認情報ですが、魔撃大隊が五百ほどとみられています」	"그리고 미확인 정보입니다만, 뭐 공격 대대가 오백 정도로 보이고 있습니다"
「五百か。いつの間にかずいぶん増えたな」	"오백?어느새 많이 늘었구나"
　軍事坑道が完成して、援軍が来たということだろうか。	군사 갱도가 완성되고, 원군이 왔다는 뜻일까.
　城門を破壊できる魔撃大隊は脅威だ。四つに分けても百人以上いるから、これで四都市を一気に攻略するつもりだろうか。	성문을 파괴할 수 있는 마격 대대는 위협이다.넷으로 나누어도 백명 이상 있으니 이로써 네 도시를 단번에 공략할 것인가.
　七千の兵を四つに分けても、それぞれが二千近い兵力になる。人口数千人の南部の都市にとって、これはかなり怖い。	칠천병을 넷으로 나누어도, 각각이 2천에 가까운 병력이다.인구 수천명의 남부 도시에게 이는 많이 무섭다.
　だが前線の四都市、古都ベルネハイネン、工業都市トゥバーン、迷宮都市ザリア、工芸都市ヴィエラには、骸骨兵が三千ずついる。	그러나 전선의 네 도시, 고도 벨 네하이넹, 공업 도시 투 바ー은, 미궁 도시 자리아, 공예 도시 비에라에는 해골 병사가 삼천씩 있다.
　各都市の衛兵隊、魔王軍、それに市民兵が加われば、数の上では負ける気がしない。こちらには城壁もある。	각 도시의 위병대, 마왕군, 그것에 시 민병대가 가세하면 수 위에서는 질 마음이 되지 않는다.여기에는 성벽도 있다.
　エレオラ皇女だってそんなことはわかっているはずだから、本来なら七千五百の兵力でひとつの都市を攻撃するはずだ。	에레오란 왕녀라도 그런 것은 알고 있으니깐, 본래라면 칠천 오백의 병력으로 하나의 도시를 공격할 것이다.
　同じことを思ったのか、師匠が頰杖をつきながら首を傾げる。	같은 것을 생각했는지, 스승이 턱을 튀기며 고개를 갸웃거린다.
「わしにはよくわからんが、無謀な作戦に思えるのう……ヴァイト、おぬしには敵の意図が読めるか？」	"나는 잘 모르지만 무모한 작전 같군……바이고, 자네는 적의 의도가 읽힌다?"
「俺も無謀にしか思えませんね。でも、そう思わせるための作戦かもしれません」	"나도 무모하게만 생각할 수 없네요. 하지만 그렇게 생각하기 위한 작전인지도 모릅니다"
　わざわざ負けに来る敵はいない。	일부러 거기에 오는 적이 없다.
　だから何か必勝の策があるということだ。	그래서 뭔가 필승의 책이 있다는 것이다.
　蒼鱗騎士団長のバルツェが、腕組みをしながら地図をにらむ。	창린 기사 단장의 바다 루츠에이 팔짱을 끼면서 지도를 노려보다.
「敵の新兵器の性能が判明しない以上、どんなに寡兵だとしても侮ることはできません。各都市は防戦の準備が必要でしょう」	"적의 신무기의 성능이 판명되지 않는 이상, 아무리 적은 병력이라고 해도 깔볼 수 없습니다.각 도시는 방어전의 준비가 필요할까요 "
　カイトが報告書をめくる。	카이토가 보고서를 넘기다.
「すでに情報は四都市にも伝わっています。ベルネハイネンでは吸血鬼隊、トゥバーンでは人馬隊、ヴィエラでは儀仗隊が、すでに臨戦態勢だそうです」	"이미 정보는 네 도시에도 전해지고 있습니다.벨 네하이넹에서는 흡혈귀대, 두 바ー은에서는 인마대에 비에라가 의장대가 이미 임전 태세라고 합니다"
「カイト殿、ザリアは大丈夫ですか？」	"카이트전, 자리아는 괜찮나요?"
「あ、はい。すぐ南のシャルディールから衛兵隊が派遣されました」	"아, 네.남쪽의 샤르 디에서 위병대가 파견되었습니다"
　いい連携だ。	좋은 연계이다.
　パーカーが珍しく真剣な表情で、俺に進言した。	파커가 드문 진지한 표정으로 나에게 진언했다.
「骸骨兵は強力だが、過信は禁物だよ。相手が魔法に長けているのなら、無力化する手段があるかもしれない」	"해골 부대는 막강하나, 과신은 금물이야.상대가 마법에 능하고 있다면 무력화하는 수단이 있을지도 모른다"
「具体的には？」	"구체적으로는?"
「死霊術には、召喚された死者を強制的に冥府に送り返す術がある。三千体を追い返すのは大変だけどね」	"죽음 영술에는 소환된 사망자를 강제적으로 저승으로 돌려보내는 방법이 있다.3천마리를 물리치는은 힘들지만"
　薄々わかってはいたが、やっぱり魔法に頼った戦略は安定しないな……。	희미하게 알고는 있었지만, 역시 마법에 의존한 전략은 안정되지 않구나...
　アイリアが考え込んでいる。	아이 코리아가 골똘히 생각하고 있다.
「リューンハイトからも援軍を送りましょうか。ベルーザからお借りしている陸戦隊がいます」	"류ー은 하이트에서도 원군을 보낼까요?벨ー자에서 사용하고 있는 육 전대가 있습니다"
「そうだな。城壁の弱いベルネハイネンと、兵力の少ないザリアに増援を送っておきたいが……」	" 그렇군.성벽의 약한 벨 네하이넹과 병력이 적은 더 리어에 증원을 보내놓고 싶지만……"
　俺は地図をじっと見つめる。	나는 지도를 물끄러미 바라보다.
　どうも気になるな。	아무래도 궁금하네.
　エレオラ皇女は慎重な軍人だ。力押しで勝てる場合でも、包囲させて降伏を促す。戦力の消耗を避け、後々の統治をやりやすくするためだ。	에레 오라 왕녀는 신중한 군인이다.주먹 구구로 이길 경우에도 포위하고 항복을 촉구한다.전력 소모를 피하고 뒷날의 통치를 하기 쉽게 하기 때문이다.
　そういう意味では俺と似ているかもしれない。	그런 의미에서는 나랑 비슷할지도 모른다.
　だとすれば、この作戦は明らかにおかしい。	그렇다면 이 작전은 분명 잘못된 것이다.
　まさかエレオラ皇女が不在で、別人が指揮しているのだろうか。わからない。	설마 에레오란 왕녀가 없다며 다른 사람이 지휘하고 있을까.몰라.
　考え始めるとキリがないので、俺は一番危険なケースを想定した。	생각을 시작하면 한도 끝도 없어서, 나는 제일 위험한 경우를 상정했다.
　エレオラ皇女は健在で、必勝の策がある。	에레 오라 왕녀는 건재하는 필승의 책이 있다.
　そしてその作戦のためには、兵を四分割する必要があった。	그리고 그 작전을 위해서는 군사를 네 분할할 필요가 있었다.
　そういうことにしておこう。	그렇게 한다.
「敵側の行動の結果、こちら側が受けている影響は何だ……？」	"적국의 행동의 결과, 이쪽이 받는 영향은 무엇이다……?"
　俺のつぶやきに、バルツェが何かに気づいたように地図を指さした。	나의 글에, 바다 루츠에이 뭔가를 눈치 챈 것처럼 지도를 가리키시는.
「四都市が同時に攻撃を受けているため、この四都市は互いに他都市への援軍を出せない状態です。そして、この状況を作り出すのが目的とすれば……」	"네 도시가 동시에 공격을 받고 있어 이 네 도시는 서로 다른 도시로의 원군을 내지 못하는 상태입니다.그리고 이 상황을 만드는 것이 목적으로 하면...."
　俺はハッと気づく。	나는 번쩍 깨닫는다.
「こちらを釘付けにするための策略ですか、バルツェ殿」	"이쪽을 응시하기 위한 술책인가요, 바다 루츠에전"
「ええ、そう考えるとつじつまが合います。四つのうち、いずれかが精鋭を集めた本命かもしれません」	"네, 그러고 보니 앞뒤가 맞습니다.네개 중 어느 하나가 정예를 모은 가장 유력할지도 모릅니다"
　エレオラ皇女に七千五百の兵がいても、中身はごちゃごちゃの寄せ集めだ。士気や練度にはかなりばらつきがある。	에레 오라 왕녀에 칠천 오백의 군사가 있지만 내용은 갑옷의 오합지졸이다.사기와 련도에는 상당히 차이가 있다.
　そういうときはあまり役に立たない兵を牽制や陽動に使い、精鋭だけを動かすほうが指揮官としては楽なのだとバルツェが説明してくれた。	그러한 때는 별로 도움이 되지 않는 병사를 견제와 양동에 사용하고 정예만 놀리는 게 지휘관으로서는 편한 것이라고 바 루츠에이 설명했다.
　確かに魔王軍もそうだな。能力の差が激しいから、種族単位で使い分けている。	분명 마왕 군도 그렇구나.능력의 차이가 심하니까, 종족 단위로 쓰고 있다.
　ウォーンガングから出撃したロルムンド軍のその後の動きについては、「不和の荒野」に配置した監視砦から情報が入っている。	원 강그에서 출격한 롤뭉도군의 이후 움직임에 대해서는 "불화의 황야"에 배치한 감시 보루에서 정보가 들어 있다.
　四つの軍勢のいずれにも、魔撃大隊の兵士がいるという。	네개의 군세의 모두 마귀 공격 대대 병사들이 있다고 한다.
　これだとどれかが本命だとしてもわからないな。	이것이라면 어느 것인가가 주인공이라고 해도 모르겠네.
　本命以外の都市に増援を送ると、その兵力が無駄になってしまう。悩ましいところだ。	본명 이외의 도시에 증원을 보내면 그 병력이 허사가 되고 만다.고민.
　後方の都市からの援軍を出しづらくさせるのも、エレオラ皇女の策略か。	후방의 도시의 원군을 내기 어렵게 하는 것도, 에레오란 왕녀의 책략?
　しょうがない。魔王陛下を偵察に使おう。	소용없다.마왕 폐하를 정찰에 사용한다.
「師匠、ひとまずベルネハイネンへ飛んでもらえますか？」	"스승, 일단 벨 네하이넹에 날아 주시겠어요?"
「うむ、そうしようかの。敵の動きを見極めた上で、本命でないとわかればトゥバーンへ向かう。次にザリア、最後にヴィエラじゃな」	"음, 그럴까. 적의 움직임을 지켜보면서, 본명이 아니라고 알면 토우바ー은으로 향한다.다음에 자리아, 마지막에 비에라일세"
　師匠は転移魔法の専門家ではないので、テレポートを連発できない。全部回るのにはかなり時間がかかるだろう。それでも今は頼もしい連絡員だ。	스승은 전이 마법의 전문가가 아니라, 텔레포트를 연발할 수 없다.모두 둘러보는 데는 꽤 시간이 걸릴 것이다.그래도 지금은 든든한 연락원이다.
　しかし重要人物が前線を飛び回るのは良くないな……。	그러나 중요 인물이 전선을 날아다니는 것은 좋지 않구나...
　とりあえず前線の様子を確認することに決まったところで、アイリアが口を開く。	일단 전선의 모습을 확인하기로 정해진 곳에서 아이 코리아가 입을 연다.
「後方のベルーザとロッツォに援軍の準備を要請しましょう。本命がわかり次第、そこに援軍を送ってもらいます」	"후방의 벨ー자과 롯츠오에 원군의 준비를 요청합시다.본명으로 나타나는 대로 거기에 원군을 보내겠습니다"
　頼もしい申し出に、俺はうなずいた。	믿음직한 제안에, 나는 고개를 끄덕였다.
「わかった、それで頼む。リューンハイトの魔王軍も動かせるようにしておこう。当面は臨戦態勢で待機だ。手配をお願いしたい、バルツェ殿」	" 알았다, 그래서 부탁. 류ー은 하이트의 마왕군도 움직일 수 있도록 한다. 일단 임전 태세로 대기이다.수배를 부탁하고 싶은, 바다 루츠에전"
「お任せください」	" 맡기세요"
「こうなると、後は情報が入るまで待つしかないか……」	" 이렇게 되면 나중에는 정보가 들때까지 기다릴 수밖에 없을까......"
　いや、俺が人狼の脚力を魔法で強化して、一気に四都市の偵察をするというのもアリかもしれない。	아니, 내가 늑대 인간의 다리 힘을 마법으로 강화하며 단숨에 네 도시의 정찰을 한다는 것도 개밀지도 모른다.
　と思った瞬間に、俺は全員から両肩をつかまれた。	이라고 생각한 순간에 나는 전원으로부터 어깨를 잡혔다.
「ヴァイト殿、お待ちください」	"우아이토전, 기다리세요"
「ダメですってヴァイトさん！」	"안 됩니다라고 우아이토 씨!"
「おっと、君はここにいなきゃね！」	"그래, 넌 이곳에 있지 않으면!"
「おぬしの悪い癖じゃのう……」	"너의 나쁜 버릇이군.……"
　なんでそんなに警戒されてるの。	왜 그렇게 경계되고 있어.
　するとアイリアが笑みを浮かべて、こう言った。	그러자 아이 코리아가 미소를 지으며 이렇게 말했다.
「もう少し自重して頂かないと、そろそろ評議会で議題にしますからね、ヴァイト卿？」	"좀 더 자중하고 맡기지 않자, 이제 평의회에서 의제로 삼겠습니다~우아이토 경?"
「あ……はい……」	"아……예……"
　じっとしていよう。	가만히 있다.
　　　　＊　　　　　　＊	＊ ＊
「エレオラ戦記・その７」	"에레 오라 전기·7"
　エレオラは夜風に流れる黒髪を払いのけながら、小さくうなずく。	에레 오라는 밤 바람에 흐르는 검은 머리를 쓸어 올리며 작은 고개를 끄덕였다.
「どうやらうまくいったようだな」	"아무래도 잘 된 것 같구나"
　ボルシュ副官が敬礼する。	보르시 부관이 경례한다.
「魔撃大隊、総員異状ありません。傭兵隊も脱落者はいない模様です」	"뭐 공격 대대, 전원 이상 없습니다.용병대도 탈락자는 없는 모양입니다"
　エレオラは副官に問いかける。	에레 오라는 부관에게 묻는다.
「騎士団はちゃんとカカシになっていると思うか？」	"기사단은 제대로 허수아비가 되고 있다고 생각하나?"
「布陣しているだけで勲章がもらえるのですから、従わない理由もないとは思いますが……なんとも言えませんな」	"포진하고 있을 뿐으로 훈장을 받는 것이니 따르지 않는 이유도 없다고 생각합니다만……뭐라고 말할 수 없소"
　ロルムンドでは、受勲者には種類に応じてロルムンド本国からの恩給が生涯支払われる。	롤뭉도에서는, 수훈자에는 종류에 따라서 롤뭉도 본국의 연금이 평생 지급된다.
　報奨金を一度払うだけのミラルディアとは違うので、あまり乱発はできないが、この際そんなことは言っていられない。	포상금을 한번 낼 만큼의 미랄디아과는 다르므로 너무 남발은 못하지만, 이 때 그런 일은 하고 있을 수 없다.
「私が対処を誤ったせいで、ミラルディアの騎士団は士気が低い。敵を街に釘付けにしてくれれば十分だ。勲章を与える大義名分にもなる」	"내가 대처를 잘못된 때문에 미라 루디아의 기사단은 사기가 낮다. 적을 거리에 붙들어 놓고 주면 충분하다.훈장을 주는 명분이나 된다"
　ボルシュが眉をひそめる。	보르시가 눈썹을 찌푸리다.
「しかしロルムンド聖堂騎士章は、いささかやりすぎでは？　本国の受勲者たちに知られると面倒ですぞ」	"그러나 롤뭉도 성당 기사장은 약간 지나치지?본국의 수훈자들에게 알려지자 귀찮아요."
　エレオラ皇女が独断で与えられる勲章の中では、最上位に位置するもののひとつだ。	에레 오라 왕녀가 독단적으로 주어지는 훈장 중에서는 최상위에 위치한 것 중 하나이다.
　だがエレオラ皇女は苦笑する。	하지만 에레오란 왕녀는 쓴웃음 짓는다.
「今後への投資だ。それに彼らが任務を果たしてくれなければ、南征は失敗する。本作戦での功績は大きい。誰にも文句は言わせんよ」	"향후 투자이다. 그리고 그들이 임무를 맡아 주지 않으면 남정은 실패한다. 본 작전에서의 공적은 크다.누구에게도 불평하네"
　エレオラ皇女は魔撃書をぎゅっと握り、不敵な微笑みを浮かべる。	에레 오라 왕녀는 마귀 공격서를 꽉 잡고 당돌한 미소를 띄운다.
「南部連邦は一見すると一枚岩だが、よく見れば人間と魔族の二層に色分けされた一枚岩だ。それをつなぎ合わせているのが、あの黒狼卿だな」	"남부 연방은 어찌 보면 바위지만 알고 보면 인간과 마족의 두층으로 분류된 바위이다.그것을 연결시키고 있는 것이, 그 검정 랑경구나"
「彼を失えば、連邦にも亀裂が入るとお考えですか？」	"그를 잃으면 연방에도 금이 간다고 생각하세요?"
　副官の問いに、エレオラはうなずく。	부관의 물음에 엘레 오라는 고개를 끄덕였다.
「いずれ必ずな。南部の団結は人と人の団結だ。指導者を一人欠くだけで大きく揺らぐ。それが黒狼卿となれば、もはや団結を維持できまい」	"반드시..남부의 단결은 사람과 사람의 단결이다. 지도자를 한명 없다만 크게 흔들리다.그것이 흑랑 경과 되면 더는 단결을 유지할 수 없다"
「しかしそれは敵方も承知しております。魔都の防備は堅いでしょう」	"그러나 그것은 적들도 알고 있습니다.마도의 방비는 굳은 것입니다"
　副官の言葉に、エレオラ皇女は微笑みながら首を横に振った。	부관의 말에 에레오란 왕녀는 웃으며 고개를 가로 저었다.
「考えてもみろ、人間が魔族を守るために命がけで戦うと思うか？」	"생각해도 봐라, 인간이 마족을 지키기 위해서 목숨 걸고 싸운다고 생각하는가?"
「……確かにロルムンドでもミラルディアでも、そんなことは歴史上に一度もありませんでしたな」	"……확실히 롤뭉도에서도 미랄디아에서도 그런 것은 역사상에 한번도 없었습니다."
「ミラルディアの魔族は人間を守る。私はそれに驚愕と敬意を感じた。だが人間のほうが魔族を守ったことは、まだ一度もない」	"미랄디아의 마족은 인간을 지키다.나는 그것에 경악과 경의를 느꼈다. 하지만 인간이 마족을 지킨 것은 아직 한번도 없다"
　ミラルディア侵攻の事前調査でも、人間が魔族を守るために戦った事例は確認されていなかった。	미랄디아 침공의 사전 조사에서도 인간이 마족을 지키기 위해서 싸운 사례는 확인되지 않았다.
　そう言ったエレオラのもとに、レンコフ小隊長が駆けてくる。	그렇게 말한 에레 내가 하에, 렌 코프 소대장이 달려오다.
「突入準備が完了しました。通信機はサバンに渡してしまったので、自分は徒歩で報告です」	"돌입 준비가 완료했습니다.통신기는 사방에 내주었기 때문에 자신은 도보로 보고입니다"
「御苦労。なくなると不便だろう？」	"수고. 없어지면 불편하겠지?"
「まったくです。では」	"전혀요 그럼"
　危険な任務の最中にもかかわらず、レンコフ小隊長は笑顔で敬礼して駆け去っていった。	위험한 임무 속에서도 불구하고, 렌 코프 소대장은 웃는 얼굴로 경례하고 구케거쯔고 갔다.
　エレオラ皇女はイヤリングに触れ、命令を下す。	에레 오라 왕녀는 귀걸이가 명령을 내린다.
「サバン、聞こえるか。私だ」	"사방, 들리니?.나"
『はっ！　感度良好です』	『 헉!감도 양호합니다 』
「隠密布と暗視鏡の調子はどうだ？」	" 은밀한 천과 야시경 상태는 어떤가?"
『問題ありません』	『 문제 없습니다 』
　部下の声は落ち着いている。	부하의 목소리는 가라앉고 있다.
　エレオラ皇女は少し安堵しつつも、部下に注意を促した。	에레 오라 왕녀는 조금 안도하면서도 부하에게 주의를 촉구했다.
「隠密布は周囲の景色を真似ているだけで、透明にはなっていない。それに人狼や犬人の耳や鼻はごまかせん。過信するな」	" 은밀한 천에는 주위의 경치를 흉내내고 있을 뿐, 투명하게는 되지 않았다. 그것에 늑대 인간과 개인의 귀과 코는 속지.과신하지 마라"
『はっ、慎重に接近します』	『 예, 신중하게 접근합니다 』
「よし」	" 좋아"
　部下の頼もしい声にうなずき、エレオラ皇女は続ける。	부하의 든든한 목소리에 고개를 끄덕이거나 에레오라 아들은 계속한다.
「それと魔撃杖は設計に十分な余裕を持たせているため、最大装塡量の二倍までは暴発しない。知っているな？」	"그리고 마격 지팡이는 설계에 충분한 여유를 가지고 있어 최대 장전량의 두배까지는 폭발하지 않는다.알고 있구나?"
『はい』	예
「繰り返しになるが、発射することを考えないのであれば、三倍でも暴発はしない。ただし絶対に水平を保て。傾けると砲身内部の魔術紋が蓄魔鋼と接触するぞ」	"반복이 되지만, 발사할 생각을 하지 않으면 세배라도 폭발하지 않는다. 다만 절대로 수평을 유지하다.기울이고 포신 내부의 마술 무늬를 축마 강과 접촉한다"
『留意します』	『 유의합니다 』
　いずれも事前の打ち合わせで一度説明した内容だから、自分でも少々くどい気はする。	모두 사전 미팅에서 한번 설명한 내용이어서 스스로도 좀 느끼한 느낌이 없지.
　だが、こんなことで大事な部下を事故死させる訳にはいかない。	하지만 이런 일로 소중한 부하를 사고로 숨질 수는 없다.
　そのやりとりを聞いていたボルシュが苦笑を浮かべた。	그 이야기를 듣던 볼슈이 쓴웃음을 지었다.
「魔撃兵器の設計者であり、魔撃部隊の創設者でもあらせられる殿下が、魔撃兵器の暴発による城門爆破を計画なさるとは思いませんでしたな」	"뭐 공격 무기 설계자이자 법칙 공격 부대의 창설자인 하는 전하가 뭐 공격 무기의 오발에 의한 성문 폭파를 계획하시다니 생각 못했구나"
　エレオラ皇女は溜息をつく。	에레 오라 왕녀는 한숨을 쉬다.
「そこまで追いつめられているのだ。報告書には記載するな。後世の歴史家に知られたくない」	"거기까지 내몰리고 있는 것이다. 보고서에는 기재하지 마라.후세의 역사가에 알리고 싶지 않은 "
「心得ております」	" 알고 있습니다"
　エレオラ皇女は小高い丘から、リューンハイトの街の灯を見下ろした。	에레 오라 왕녀는 언덕에서 류ー은 하이트 거리의 불빛을 내려다봤다.
　彼女は通信機を兼ねているイヤリングに触れつつ、こう命じる。	그녀는 통신기를 겸하고 있는 귀걸이에 언급하면서 이렇게 명한다.
「全軍に通達する。本作戦の標的は魔族、ことに魔王軍最高幹部のヴァイト黒狼卿だ。人間には極力手を出すな」	"전군에 하달한다. 본 작전의 표적은 마족, 그 중 마왕 군 최고위 우아이토 흑랑 경이다.인간에게는 최대한 손대지 마라"
　彼女の軍務の中で、これほどまでに無謀でギャンブルじみた作戦は一度もない。	그녀의 군무 중에서 이토록 무모하고 도박 같은 작전은 한번도 없다.
　それでも、やるしかないのだ。	그래도 할 수밖에 없다.
「全ての作戦計画に変更はない。行動を開始せよ」	"모든 작전 계획에 변경은 없다.행동을 개시할 "
　リューンハイト西門付近の城壁の上では、犬人族の兵士たちが夜間の巡回中だった。	류ー은 하이트 서문 인근 성벽 위에서는 개인족 병사들이 야간 순찰 중이었다.
「おなかすいたね」	"배 고프네"
　柴犬に似た兵士がつぶやくと、ビーグル似の兵士が被っていた制帽を脱いだ。シャコー帽とよばれる、円筒状の長い帽子だ。	시바견과 비슷한 병사가 중얼거리자, 비글 닮은 병사가 쓰던 모자를 벗었다.샤코ー 모자라고 부르는 원통형의 긴 모자다.
　小柄な犬人たちからは、背が高く見えると人気である。	작은 개. 사람들은 키가 높아 보이면 인기다.
「ちょっと待ってね」	"좀 기다리세요"
　彼は帽子の中にごそごそ手を突っ込むと、細長くスライスされた干し芋を取り出した。	그는 모자 안에 바스락 바스락 손을 넣자, 가느다란 조각된 말린 감자를 꺼냈다.
「食べる？」	" 먹을래?"
　そう言いながらさっそく自分でもモグモグ食べている同僚に、柴犬似の兵士があきれる。	그러면서 곧 스스로도 모구모구 먹고 있는 동료들에게 시바견 닮은 병사가 기가 막히네.
「お前、どこに食べ物入れてるの」	"너 어디에 음식 들어 있는 것"
「ぼうし」	"모자"
「見りゃわかるよ」	" 볼 알아요 "
　溜息をつく柴犬似の兵士。	한숨을 쉬다 시바견 닮은 병사.
　ビーグル似の兵士はモグモグ食べながら、ふと首を傾げる。	비글 닮은 병사는 모구모구 먹다가 문득 고개를 갸웃거린다.
「干しイモきらい？」	" 말린 고구마 싫어?"
「きらいじゃないけど、制帽を食べ物入れにするなよ。ヴァイト様に怒られるよ」	" 싫어하진 않지만 제모를 먹는 정리함으로 하지.우아이토님께 혼 날게"
「えー、でもヴァイト様がこれ見て、すごく……」	"에, 그래도 우아이토님이 이거 보고, 굉장히……"
　そこまで言いかけたところで、ビーグル似の兵士が食べかけの干し芋を帽子に戻す。	거기까지 말한 곳에서 비글 닮은 병사가 먹고 있던 말린 감자를 모자에 되돌린다.
　柴犬似の兵士が首を傾げた。	시바견 닮은 병사가 고개를 갸웃거렸다.
「どしたの？」	" 어찌한?"
　するとビーグル似の兵士はくんくんと空気の匂いを嗅ぎながら、こう答えた。	그러자 비글 닮은 병사는 킁킁 공기 냄새를 맡으며 이렇게 답했다.
「なんか変なニオイがする。鳥？」	"뭔가 이상한 냄새다.새?"
「ん？　そういえば確かに……知らないニオイだなあ」	"응? 그러고 보니 확실히……모르는 냄새구나"
　柴犬似の兵士は周囲を見回す。	시바견 닮은 병사는 주위를 둘러본다.
　犬や狼同様に、彼らは夜目がきく。そのぶん色覚は弱いが、これぐらいの闇は犬人にとっては昼間とそう変わらない。	개나 늑대처럼 그들은 밤눈이 밝다.그만큼 색각은 약하지만 이 정도의 어둠은 개들에게 낮과 다르지 않다.
　しかし彼らの目をもってしても、特に異状は見あたらなかった。	그러나 그들의 눈을 가지고 특히 이상은 보이지 않았다.
　だが一瞬、城壁の外に妙なものが見え隠れしたのに柴犬似の兵士が気づいた。	이지만 한순간 성벽 바깥에 묘한 것이 어른거린다 것에 시바견 닮은 병사가 깨달았다.
　そこだけ景色が歪んでいるように見えたのだ。	그곳만 경치가 왜곡되고 있는 것처럼 보였던 것이다.
「ねえ、あそこになんかいなかった？」	"저기, 저기도 있지 않았어?"
「なんかってなに？」	"왠지는 뭐야?"
「なんかこう、チラッて……いや、グニョって、かな？」	"왠지 이렇게 치랏라고...아니, 그뇨은?"
　だがもう何も見えない。	하지만 더 이상 아무것도 안 보인다.
　二人は顔を見合わせて、首を傾げた。	두 사람은 얼굴을 마주보고 고개를 갸웃거렸다.
「なんかへん？」	"뭔가 좀 이상?"
「なんかへん！」	"뭔가 좀 이상!"
　意見が一致したので、二人はうなずく。	의견이 일치돼서 두 사람은 고개를 끄덕였다.
「みんなに報告しよう！」	"모두에게 보고하라!"
「うん！」	"응!"
　柴犬似の兵士が、首から下げている犬笛を吹こうとした瞬間。	시바견 닮은 병사가 목으로부터 내리고 있는 견적을 불던 순간.
　城門で大爆発が起きた。	성문에서 대폭발이 일어났다.
　轟音と振動が城壁を震わせ、びっくりした犬人兵たちは頭を抱えてうずくまる。	굉음과 진동이 성벽을 떨며 놀란 개인 병사들은 머리를 안고 주저앉다.
「うわあ!?」	"우왓!?"
「なに!?　なにがおきたの!?」	"뭐!?무엇이 일어났어?"
「と、とにかく笛！　笛吹こう！」	"과, 어쨌든 피리!우스이 이렇게!"
　二人はすぐに犬笛を全力で吹き鳴らす。	두 사람은 곧 견적을 힘껏 불다.
　そして叫ぶ。	그리고 외친다.
「西門が攻撃されたぞー！」	"서문이 공격된 거야!"
「敵襲だー！」	"적습-!"
　すぐに西門周辺が騒がしくなり、ベルーザ陸戦隊や犬人の警備隊が飛び出してくる。	바로 서쪽 주변이 요란하고 벨ー자 육전대와 개인 경비대가 튀어 나온다.
　そのとき遥か遠くの東門から、ズズンという鈍い爆発音が聞こえてきた。	그때 아득히 먼 동문에서 즈 쿵 하고는 둔한 폭발음이 들렸다.
「あっちも!?」	"저쪽도?"
　同時刻、リューンハイト人狼隊宿舎。	이 시각 류ー은 하이트 늑대 인간대 숙소.
「西と東で犬笛が聞こえた！　爆発音も二回聞こえた！」	"서와 동에서 견적가 들렸다!폭발 소리도 두번 들렸다!"
　当直室にいたファーンが叫び、同席していた竜人技官がうなずく。	당직실에 있던 팬이 외치며 동석했던 류진 기관이 고개를 끄덕였다.
「わかりました、緊急警報の信号を打ち上げます」	" 알겠습니다, 긴급 경보 신호를 발사합니다"
　信号弾が打ち上げられ、炸裂音と閃光が闇夜を貫く。	신호탄이 터지고 폭발 소리와 섬광이 어둠 속을 관통한다.
　蒼鱗騎士団長のバルツェが双剣を手に外に飛び出したとき、彼は一瞬でこの事態を理解した。	창린 기사 단장의 바다 루츠에이 쌍 검을 손에 밖으로 뛰어나갔을 때 그는 순식간에 이 사태를 이해했다.
「全軍に非常呼集！　内門を固めてアイリア卿とヴァイト卿をお守りしろ！　蒼鱗騎士団は東外門に急行する！」	"전군에 비상 소집. 우치 카도를 굳히고 아이 코리아 경과 우아이토 경을 지키다!창린 기사단은 히가시 토몽에 급행하다!"
　遠くから白い閃光が幾度も輝く。噂に聞く、ロルムンド軍の新兵器らしい。	멀리서 하얀 섬광이 여러번 빛난다.소문에 듣고 롤뭉도군의 새 무기 같다.
　そこにベルーザ陸戦隊のグリズが駆けつけてきた。夜目にも凶悪な出で立ちで、巨大なトゲつきメイスを担いでいる。	거기에 벨ー자 육전대 그리즈이 쳐들어왔다.밤눈에도 흉악한 차림으로 거대한 가시가 붙은 메이스를 메고 있다.
「よう、バルツェの旦那！　東西の外門が突破されたらしいな！」	"는, 바다 루츠에의 남편. 동서의 토몽이 뚫린 모양이군!"
「そのようです。応戦をお願いします」	"그런 것 같아요.응전을 부탁합니다"
「ああ、うちの連中が西の外門でやりあってる。だが新市街には、もう敵が入り込んでるらしいぜ」	"아, 우리들이 서쪽 토몽에서 말다툼하는 있지만 신스가에는 벌써 적이 들어가는 것 같아"
　バルツェは騎竜に鞍をつけると、地面を蹴って騎乗した。	바 루츠에은 기룡에 안장을 붙이면 땅바닥을 박차고 승마했다.
「接近を完全に隠蔽していたということは、市街に入り込んだ敵は少数と思われます。物量で押し返しましょう」	"접근을 완전히 은폐했다는 것은 시가에 들어갔다 적은 소수로 생각됩니다.물량으로 밀어내죠"
「おう、任せといてくれ！　あんたも死ぬなよ！」	"오, 맡기어 놓고!너도 죽지 마!"
「グリズ殿も御武運を！」	"그리즈전도 미사 무운을!"
　二人の指揮官は慌ただしく敬礼して、それぞれの部下を率いるために駆けていく。	두 지휘관은 분주하게 경례하고, 각각의 부하를 이끌기 때문에 뛰어 가.
　リューンハイトの夜空の下、白い閃光が断続的に瞬いていた。	류ー은 하이트의 밤하늘 아래 하얀 섬광이 단속적으로 반짝이고 있었다.
　　　　＊　　　　　　＊	＊ ＊
　敵襲の報告を受けたとき、俺はアイリアたちと一緒にリューンハイトの警備計画を再検討している最中だった。	적습의 보고를 받았을 때 나는 아이 코리아들과 함께 류ー은 하이트의 경비 계획을 재검토하고 있던 때였다.
　犬人兵たちの報告によれば、リューンハイトの二重の城壁のうち、外側の西門と東門が同時に破壊されたらしい。	개인 병사들의 보고에 따르면 류ー은 하이트의 이중의 성벽 중 바깥쪽의 서문과 동문이 동시에 파괴된 것 같다.
「あと、東門に敵が近づいてます！　数は三千！　ウォッドおじいちゃんが、傭兵だって教えてくれました！」	"그리고, 동문에 적이 다가옵니다. 수는 3천!우오쯔도 할아버지가 용병이라고 가르치셨습니다!"
　となると、西門は陽動か。……などとは、さすがの俺でも思わない。もう騙されないぞ。	면 서문은 양동?……등은 역시 나도 생각하지 않는다.이제 속지 않겠다.
　エレオラ皇女は手持ちの戦力に余裕がないのか、頻繁にブラフを使う。	에레 오라 왕녀는 당신의 전력에 여유가 없는지 자주 블라우를 사용한다.
　もし本当に西門が陽動なら、西門を爆破してから時間差で東門を爆破するはずだ。	만약 정말로 서문이 양동면 서문을 폭파하면서 시간 차로 동문을 폭파할 것이다.
　彼女には無線機のような魔法の道具があるから、それぐらいは可能だろう。	그녀는 무전기 같은 마법의 도구가 있으니까 그 정도는 가능할 것이다.
　しかし同時爆破ということは、西門にあまりリューンハイト側の兵力を集めたくない。「東門にも戦力を分散してほしい」という意図が透けて見える。	그러나 동시 발판다는 것은 서문에 별로 류ー은 하이트 측의 병력을 모으고 싶지 않다."동문으로도 전력을 분산하라"겠다는 의도가 드러났다.
　アイリアが腰をかがめて、伝令の犬人に尋ねる。	아이 코리아가 허리를 구부리고, 전령의 개인에게 묻는다.
「東門は傭兵だけですか？」	"동문은 용병뿐이에요?"
「はい！　騎士はいないみたいです。あと魔……なんとか大隊もいません！　ウォッドおじいちゃんが言ってました！」	"네, 기사는 없는 거 같아요.그리고 뭐……나 대대도 없어요!우오쯔도 할아버지가 말했어요!"
　口調はたどたどしいが、要点を押さえた返答だ。	어조는 비틀거리지만, 요점을 누른 답변이다.
　アイリアは侍女が持ってきた胸甲とマントを身につけながら考え込む。	아이 코리아는 시녀가 가져온 흉갑과 망토를 익히며 골똘히 생각한다.
「傭兵が主力とは思えませんね」	"용병이 주력이라고는 생각할 수 없네요 "
「同感だ、アイリア卿」	"동감이다, 아이 코리아 경"
　ミラルディアの傭兵たちは、そんなに上等な兵力ではない。	미라 루디아의 용병들은 그렇게 훌륭한 병력이 아니다.
　最近までは長いこと戦争を経験していない国だったので、傭兵たちが相手にしてきたのは盗賊や野生の魔物だ。千人を超える規模の集団戦では、軍人より明らかに劣る。	최근까지 오랫동안 전쟁을 겪지 않은 나라였는데, 용병들이 상대하던 것은 도적이나 야생의 마물이다.천명을 넘는 규모의 집단전에서는 군인보다 분명히 떨어진다.
「本命は西門だ。人狼隊を西門に向かわせる」	"본명은 서문이다.진로오대를 서문에 가는 "
　エレオラ皇女のやり口は、だいぶ学習させてもらった。	에레 오라 왕녀의 수법은 많이 학습하였다.
　フェイントを多用しつつ、必殺の一撃を叩き込むスタイルだ。	페인트를 다용하고, 필살의 일격을 세워스타일이다.
　リューンハイトの西側には、薪などを得るための森がある。以前は骸骨兵を隠していた森だ。	류ー은 하이트의 서쪽에는 장작 등을 얻기 위한 숲이 있다.예전에는 해골 병사를 감추고 있던 숲이다.
　今は何もいないから、少数の兵力を潜ませるには十分だろう。	지금은 아무것도 없으므로 소수의 병력을 도사리기에는 충분하겠지.
　こうなると守るべきはアイリアだな。魔王様は使いっぱしりの最中だし、他に重要人物はいない。	이렇게 되면 지킬 것은 아이 코리아다.마왕님은 사는 상당하는 중이고 다른 중요 인물은 없다.
「ヴェンゲン殿、衛兵隊には旧市街の防衛をお願いする。アイリア卿の身辺警護と市民の保護を」	" 베겐전, 위병대에는 구 시가의 방어를 부탁한다.아이 코리아 추기경의 신변 경호와 시민의 보호를 "
　衛兵隊長のヴェンゲンはすぐさま起立し、敬礼した。	근위대 대장의 베겐은 곧 기립 경례했다.
「お任せください、ヴァイト卿」	" 맡기세요, 우아이토 경"
　俺は遠吠えで人狼隊を集めて、こう命令する。	나는 멀리서 잦음에서 늑대 인간들을 모아 이렇게 명령한다.
「敵は旧市街を目指してくる。密集すると撃たれるから、分隊単位で待ち伏せしろ。訓練通りだ」	" 적은 구 시가지를 목표로 한다. 밀집하면 쏜다 하기 때문에 분대 단위로 매복하다.훈련 같다"
　みんながうなずく。	모두가 고개를 끄덕였다.
　ファーンお姉ちゃん、ジェリク、モンザ、ガーニー兄弟、ハマーム、ウォッド爺さん。	팬 언니 지에릭, 몬 더, 가니 형제, 하 마ー무, 우오쯔도 영감.
　……あれ、ウォッド爺さんどこ行った？	……어라, 우오쯔도 영감 어디 갔어?
　するとウォッド爺さんが人狼に変身したまま、こちらに駆けてきた。	그러자 우오쯔도 할아버지가 늑대 인간으로 변신한 채 이쪽으로 뛰어왔다.
「遅くなってすまん。東門の監視をしとっての」	" 늦어서 미안.동문의 감시를다고는 것"
「ああ、無事ならそれでいいんだよ。心配したよ」	"아, 무사라면 그걸로 되는 거야.걱정했어"
　元傭兵の大ベテランとはいえ、歳だからな。	전 용병의 백전노장도 나이니까.
　すると白い毛を持つ歴戦の人狼は、おかしそうに笑う。	그러자 흰 털을 가진 역전의 늑대 인간은 이상하게 웃다.
「どうした、ウォッド爺さん？」	" 어떻게 한 우오쯔도 영감?"
「なに、久々の戦が嬉しいんじゃよ」	"뭐 모처럼의 전쟁이 기쁘지요 "
　人狼隊の全員が、その言葉に笑みを浮かべた。	진로오대 전원이 그 말에 미소를 띠었다.
　みんな戦うのが大好きだ。このへんの感覚は、ちょっとついていけない。	모두 싸우는 게 너무 좋다.이 정도의 감각은 좀 따라갈 수가 없다.
　ときどき、自分だけが中身は人間なのだと思い知らされる。	가끔 나만 속은 인간인 것이라고 되새기게 한다.
　だが今は、みんなの力が頼りだ。	하지만 지금은 모두의 힘이 믿는다.
　俺は人狼隊の全員に、師匠から教わったばかりの新しい魔法をかけてやる。	나는 늑대 인간대 전원에게, 스승에게서 배운 막 새로운 마법을 걸어 주다.
　以前使った「矢避け」の魔法版だ。	예전에 쓴 "화살 피한다"의 마법판이다.
「いいか、この魔法は一度だけ種類を問わずに魔法を防ぐ」	" 좋을까, 이 마법은 한번만 종류를 불문하고 마법을 막기"
「魔法を防ぐ魔法ってどういうことだ、兄ちゃん？」	"마법을 막기 마법?무슨 일이에요, 오빠?"
「あれだろ、魔法で魔法がかからなくなって魔法が……」	"그거구나, 마법에서 마법이 걸리지 않게 되고 마법이..."
　早くもガーニー兄弟が混乱しているので、俺はもう少し説明のランクを下げた。	벌써 가니 형제가 혼란스러웠던 것이고, 난 좀 더 설명의 등급을 내렸다.
「敵の武器は魔法の矢をぶっ放す飛び道具だが、俺が一発だけ防げるようにしてやる。二発目をくらう前に離脱しろ、いいな？」	"적의 무기는 마법의 화살을 내쏘다 총이지만 내가 한개만 막게 하다.두발째를 맞기 전에 이탈하고 좋은?"
「おう！」	"오!"
「すげえな、それ五回ぐらいかけてくれよ！」	"굉장하군, 그 다섯번 정도 걸어 주어!"
　何度かけても一発しか防げないよ。	몇번 걸어도 한발밖에 막지 않아.
　全員に無事にかけ終わったところで、俺はみんなと共に新市街へと飛び出す。	전원에 무사히까지 끝난 곳에서 나는 친구들과 함께 새 시가로 뛰어나가다.
「そういや今日のヴァイト係は、どこの分隊だ？」	"그런 오늘의 우아이토 관계는 어느 분대?"
「あたしんとこ」	"나의 집"
　ジェリクの問いに、モンザが挙手して笑う。	지에릭의 물음에 몬 더가 거수한다.
　単独でエレオラ皇女のとこまで行きたかったんだが、まあいいか。	단독 에레오란 왕녀의 데까지 가고 싶었는데, 뭐 됐어?
「よし、モンザ隊は俺に続け！　各隊散開しろ！」	"그래, 몬 더대는 내게 계속!각대 산개하라!"
　俺の命令で、モンザ隊を除く人狼隊十三個分隊五十二人が散っていく。	나의 명령으로 몬 더대를 제외한 늑대 인간대 열 세개 분대 오십 두 사람이 지는.
　これで新市街の西側は完全に人狼の狩り場だな。	이로써 새 시가의 서쪽은 완전히 진로오의 수리장다.
　新市街は人と魔族が暮らす新しい街だが、同時に旧市街を守るための防衛施設でもある。	새 시가는 사람과 마족이 사는 새로운 거리이지만 동시에 구 시가지를 지키기 위한 방어 시설이기도 하다.
　旧市街の城門に至る道の各所には、待ち伏せに適した曲がり角や櫓やぐらを設けているのだ。	옛 시가의 성문에 이르는 길 곳 곳에는 매복에 적합한 모퉁이와 노 망대를 마련하고 있는 것이다.
　敵の目的が旧市街への突入であるなら、血に飢えた人狼と世紀末モヒカンだらけの待ち伏せロードを突破する必要がある。	적의 목적이 옛 시가에 돌입이라면 피에 굶주린 늑대 인간과 세기 말 모히칸 투성이의 매복 로드를 돌파할 필요가 있다.
　すでにベルーザ陸戦隊が各地で激しい戦闘を展開していて、敵の侵入を遅らせていた。	이미 벨ー자 육 전대가 각지에서 치열한 전투를 펼치고 있고, 적의 침입을 늦추고 있었다.
　火力では魔撃大隊のほうが上だろうが、ベルーザ陸戦隊は五百人以上いる。後退しながら敵を待ち伏せポイントに引っ張り込む戦術は、今のところうまくいっているようだった。	화력에서는 마귀 공격 대대가 훨씬 낫겠지만 벨ー자 육전대는 5백명 이상 있다.후퇴하면서 적을 매복 포인트에 끌어들이다 전술은 지금으로서는 잘되어 가는 듯했다.
　俺はモンザ隊に護衛されながら、主戦場を迂回して西の外門を目指す。西の森にエレオラ皇女が潜んでいるというのが、俺の予想である。	나는 몬 더대의 호위를 받으며, 주전장을 우회하고 서쪽 토몽을 목표로 한다.서쪽 숲에 에레오라 아들이 숨어 있다는 게 내 예상이다.
　そのとき少し離れた曲がり角から、不意に敵の集団が現れた。	그때 조금 떨어진 길 모퉁이에서 갑자기 적의 집단이 나타났다.
「あっ!?」	"아!?"
　魔撃杖を構えた敵歩兵たちが、俺たちを見て慌てた声をあげる。どうやらあちらも主戦場を迂回して、旧市街への内門を目指していたらしい。	마격 지팡이를 둔 적 보병들이 우리를 보고당황한 목소리를 내는.아무래도 저쪽도 주전장을 우회하고 옛 시가에 대한 우치 카도를 목표로 하고 있었다.
　こちらは敵より早く接近に気づいていたが、距離がある。	이쪽은 적보다 빨리 접근을 눈치채고 있었지만, 거리가 있다.
「とっつげきぃ！」	" 있는 츠게 듣는다!"
　モンザが叫ぶ。一発もらうのは覚悟の上で敵を殲せん滅めつする気らしい。	몬 더가 외치는 소리.한방기를 무릅쓰고 적을 젠 섬멸하거니 생각 같다.
　俺も走り出したが、敵は素早く展開した。回避する場所を潰すように、広い範囲に斉射してくる。	나도 달렸지만 적은 재빨리 펼쳤다.회피하는 장소를 쓸게, 넓은 범위에 일제 사격. 한다.
　さすがに避けきれず、先行していた俺とモンザが仲良く一発ずつもらう。	역시 피하지 못하고 무성하던 내가 몬 더가 사이좋게 한발씩 받는다.
　だが二度目はないぞ。	하지만 두번째는 말거라.
　魔撃杖は銃と同じだ。銃口が向いている方向にしか攻撃できない。	마격 지팡이는 총과 같다.총구가 향하고 있는 방향으로 공격할 수 없다.
　敵はしゃがみ撃ちの前列と、立ち撃ちの後列に分かれている。今撃ってきたのは後列だ。彼らは魔力の装塡作業に入っている。	적은 웅크린 놀이의 앞과 서서 놀이의 뒷줄에 나뉘어 있다.지금 쏘고 온 것은 뒷줄이다.그들은 마법의 장전 작업에 들어갔다.
　前列の敵はまだ射撃姿勢だが、魔法で加速された俺の動きを捕捉できていない。俺が不規則蛇行で走っているので、魔撃杖の銃口は全て俺から外れていた。	앞줄의 적은 아직 사격 자세이지만 마법으로 가속된 나의 움직임을 포착하지 않았다.내가 불규칙 사행에서 달리는 열차로 마격 지팡이의 총구는 모두 내가 벗어나고 있었다.
　だが彼らの半数は俺ではなく、その後ろのモンザを狙っていた。	그러나 그들의 절반은 내가 아니라 그 뒤의 먼 자를 노렸다.
　まずい。	난감하군.
　彼女は俺ほど素早く動けない。	그녀는 나만큼 빠르게 움직일 수 없다.
　モンザにかけた魔法避けの呪文は、もう効果が切れている。	몬 더에 걸친 마법 가리개 주문은 이미 효과가 떨어졌다.
　魔撃杖の銃口から魔力が溢れてくるのが見えた。	마격 지팡이의 총구에서 마력이 넘쳐나는 것이 보였다.
　あれに当たればモンザは死ぬ。	그것에 맞으면 먼 더는 죽는다.
　魔法でも直接攻撃でも、敵の後列を殲滅するのは間に合わない。	마법이라도 직접 공격에서도 적의 뒤쪽을 섬멸하는 것은 늦어지다.
「モンザ！」	" 몬 더!"
　俺は叫びながら、とっさにモンザをかばった。	나는 외치며 엉겁결에 몬 자를 감쌌다.
「ひゃっ!?」	"백화!?"
　彼女が変な悲鳴をあげて立ち止まるのと、魔撃杖が発射されるのがほぼ同時。	그녀가 이상한 비명을 질러서 멈춘 것과 마격 지팡이가 발사되는 것이 거의 동시.
　回避は間に合わず、俺は魔撃杖から放たれた光弾の直撃を受ける。	회피는 맞추지 못하고, 나는 마격 지팡이에서 발사된 광탄의 직격탄을 받는다.
　やられたか。	당했다?
　だが俺には、緊急用の高速治癒の魔法がかけてある。	그렇지만, 긴급용 고속 치유의 마법을 걸고 있다.
　死ななければ何とか……と思ったのだが、そもそも全く傷を負ってないな。	죽지 않으면 뭔가……라고 생각한 것이지만 애당초 전혀 상처를 못 입었네.
「あれ？」	"어라?"
　びっくりしたのか人間に戻っているモンザを抱き抱えたまま、俺は背後の敵を振り返る。	놀랐는지 인간으로 돌아가지 몬 자를 껴안은 채 나는 배후의 적을 돌아본다.
　不発だったのか？	불발이었다?
　そう思う暇もなく、次々に魔撃杖から光弾が放たれた。	그렇게 생각할 틈도 없이 속속 마격 지팡이에서 광탄이 터졌다.
　光の速度で撃ち出される魔法の弾丸は、さすがに俺でも避けられない。	빛의 속도로 쏘다 나오는 마법의 탄환은 역시 나도 불가피하다.
　だがやはり、俺は無傷だった。	그러나 역시 나는 멀쩡했다.
　無傷というか、さっきより魔力が回復している。	무사라고 할까, 아까보다 마력이 회복하고 있다.
　五十六人分の強化魔法は疲労感が凄かったのだが、今の俺には魔力が満ちていた。	이소로쿠인분의 강화 마법은 피로감이 대단했던 것이 지금 나는 마력이 넘쳤다.
　理由がさっぱりわからないが、魔術師として断言できることはひとつ。	이유가 전혀 모르지만 마술사로 단언하기는 하나.
　魔撃杖の攻撃を受けると、俺は魔力を吸収する。	마격 지팡이의 공격을 받으면 나는 마력을 흡수한다.
「全員下がれ！　ここは俺がやる！」	"모두 떨어질!여기는 내가 주겠어!"
　俺はモンザ隊の分隊員に命令して、モンザを預ける。	나는 몬 더대의 분대원들에게 명령하고, 몬 자를 맡긴다.
　魔族において、強者の命令は絶対だ。人狼たちは不安そうな表情を浮かべたが、俺の命令に即座に従った。	마족의 강자의 명령은 절대적이다.늑대 인간들은 불안스러운 표정을 지었지만 나의 명령에 즉각 따랐다.
　俺は前方の敵をにらむ。立て膝で射撃姿勢をとっている前列五人と、立ったまま魔撃杖を構えている後列五人の合計十人の分隊だ。	나는 전방의 적을 노려보다.립테슬에서 사격 자세를 취하고 있는 전열 다섯명으로 선 채 마격 지팡이를 둔 뒷줄 다섯명의 합계 열명의 분대이다.
「分隊長、あいつら魔撃杖が効きません！」	"분대장, 저놈들 마격 지팡이가 듣지 않습니다!"
「ひるむな、生きているなら必ず殺せる！　斉射でしとめるぞ！」	"기가 꺾인, 살아 있다면 반드시 죽일 수 있어 일제 사격.로 잡아내겠다!"
　彼らの声を聞きながら、俺は少し考える。	그들의 목소리를 들으며 나는 조금 생각한다.
　そういえば「人狼斬り」の大剣を壊したときも、似たような感覚があったな。	그러고 보니"늑대 인간을 베어 죽이는 "의 대검을 깼을 때도 비슷한 감각이 있었구나.
　もしかして俺、師匠と同じように魔力を吸収できる体質になっているんじゃないだろうか。あのときの儀式の影響か。	혹시 내 스승과 마찬가지로 마력을 흡수할 수 있는 체질이 되는 거 아닐까.그때 의식의 영향?
　これはなかなか興味深い。帰ったら幾つか実験をして、レポートにまとめて師匠に提出しよう。	이것은 꽤 흥미롭다.돌아가면 몇가지 실험을 하고 리포트로 정리해서 스승에 제출한다.
　などと考えていたら、また撃たれた。	등이라고 생각하고 있으면 또 맞았다.
「撃て！」	" 쏜다!"
　パパパッと光がほとばしり、俺に命中する。	들어 빛이 솟구치는 나에게 명중하다.
　うん、魔力が回復してる。	응, 마력이 회복된다.
　あー、これ結構効くな。逆の意味で。	아, 이거 꽤 좋군.반대의 의미에서다.
　脅威の新兵器だった魔撃杖は、どうやら俺には効かないどころか、魔力の回復源にしかならないようだ。	위협의 신무기였다 마격 지팡이는 아마도 나에게는 듣지는 못할망정 마력의 회복원밖에 되지 않는 모양이다.
　あんなに怖がっていたのが何だかおかしくなり、俺は思わず笑いながら、のしのしと彼らに近づいていく。	그렇게 무서워하던 것이 왠지 이상하고 나는 무심코 웃으면서 엉큼성큼 그들에게 다가간다.
「た、隊長！　あいつが！」	" 대장!저 녀석이!"
「後列は射撃を続行！　前列抜剣しろ！」	"뒷줄은 사격을 속행!앞줄 발검하라!"
　あ、待て待て。	아, 기다리다 기다리다.
　魔法攻撃は俺には効かないようだが、剣で斬られると痛い。	마법 공격은 나에게는 듣지 않는 것 같은데 칼로 베면 아프다.
　俺は間合いを詰め、前列の五人を一気に片づけることにする。	나는 틈을 채우고 앞줄의 다섯 사람을 한꺼번에 정리하기로 한다.
「こっ、この化け物め！」	"좀, 이 괴물 녀석!"
「うわああぁ！」	"우와 아!"
　小剣を抜いた魔撃大隊の兵士たちだったが、剣の扱いは不慣れらしい。リューンハイト衛兵隊の稲妻のような太刀筋とは比較にならない。	쇼켄을 뺀 마격 대대의 병사들이었지만 칼의 취급은 낯선 것 같다.류ー은 하이트 위병대의 번개 같은 칼 솜씨와는 비교가 안 된다.
　人狼の持つ狼の動体視力の前では、ゆるゆると小剣が迫ってくるだけだ。	늑대 인간이 가진 늑대의 동체 시력의 앞에서는 천천히 쇼켄이 다가올 뿐이다.
　殺さないよう慎重に手加減をしたジャブを当てて、五人を立て続けに倒す。	죽이지 않도록 조심스럽게 손을 조절한 잽을 맞추어 다섯명을 단박에 쓰러뜨리다.
　ばしばしと魔撃杖で撃たれながら、俺は残り五人も順番に気絶させた。骨にヒビぐらいは入っただろうが、全部終わったら治してやろう。	면 잠시와 마격 지팡이로 맞으면서도 나는 나머지 다섯명도 차례로 기절시켰다.뼈에 금쯤은 들었겠지만 다 끝나면 고치다.
「終わったぞ。拘束してくれ」	" 끝났어.구속하는 "
　俺がそう言うと、モンザたちが駆け寄ってくる。	내가 그렇게 말하면, 몬 더들이 달려간다.
「ふえー……隊長、すっごいねえ。びっくりした」	"후에-……대장, 많이요.깜짝 놀랐다"
「いや、俺もだよ」	"아니, 나도 그래"
「あは、そうなの？」	"그거, 정말이야?"
　モンザが笑いながら、倒れた敵兵をロープで手際よく縛り上げていく。	몬 더가 웃으며 쓰러진 적병을 로프로 솜씨 좋게 묶어 놓고 간다.
　彼女は俺を見上げると、ちょっと照れたように笑ってみせた。	그녀는 나를 보니 좀 수줍은 듯 웃어 보였다.
「守ってくれてありがと、隊長。足引っ張っちゃってごめんね」	" 지키고 줘서 잘 읽었어 대장.다리 잡어서 미안"
「なんで謝るんだよ。お前を守るのは当たり前だろ」	"왜 사과 거야.너를 지키는 것은 당연하잖아"
「えへへ、そう？」	"에헤에, 그래?"
　余裕の笑みだった。怖い目に遭ったというのに、さすがモンザだ。	여유의 미소였다.무서운 꼴을 당했다는 것에, 과연 몬 더이다.
「その様子なら、こいつらを任せていいか？」	"그 모습이라면, 이 녀석들을 맡겨도 된다?"
「えっ、いや、ダメだよ隊長!?　ファーンに怒られ……」	"어, 아니, 안 되야 대장!?팬에게 혼 났다……"
　モンザが珍しく慌てた顔をするが、俺は知らん顔で手を振る。	몬 더가 드물게 당황한 얼굴을 하지만, 난 모르는 얼굴로 손을 흔든다.
「そいつらは情報収集と交渉に使う。殺すなよ？」	"그 녀석들은 정보 수집과 협상에 사용한다.죽이지 말라?"
　俺は返事も聞かずに走り出した。	나는 대답도 듣지 않고 달리기 시작했다.
　よし、自由の身だ。	좋아, 자유의 몸이다.
　　　　＊　　　　　　＊	＊ ＊
「ロルムンド軍の誤算」	"롤뭉도군의 오산"
　リューンハイトの西側新市街では、ロルムンド兵たちが地獄を見ていた。	류ー은 하이트의 서쪽 신시가에서는 롤뭉도병들이 지옥을 보고 있었다.
「シューキンがやられた！　レコイ、援護に回れ！」	"슈 김이 당했다!레코이, 엄호에 돌자!"
「くそっ、また人狼だ！」	" 빌어먹을, 또 늑대 인간이다!"
「あいつら、魔撃杖が効きません！　それにもう魔力が！」	"저놈들, 마격 지팡이가 듣지 않습니다!그리고 이제 마력이!"
　建築中の家屋に立てこもっているのは、第二〇九近衛魔撃大隊所属の第二重狙撃小隊だ。二十人の精鋭は、もう半分に減っている。	건축 중인 가옥에 남아 있는 것은 둘째 〇구 근위광 공격 대대 소속 이중 저격 소대이다.스무명의 정예는 이미 절반으로 줄었다.
　窓から後方を警戒していたナタリア四等士官が、小隊長に向かって叫ぶ。	창문에서 후방을 경계하던 나타리아 네등 장교가 소대장을 향해서 외친다.
「人間の兵です！　数は不明！」	"인간의 병입니다. 수는 불명!"
「そちらに射手を回せん！　拡散射撃で防」	"그쪽에 사수를 돌릴 수 있어!확산 사격으로 예방"
　小隊長の声が唐突に途切れた。	소대장의 목소리가 당돌하게 끊겼다.
　代わりにドサリという音が聞こえてくる。	대신에 쿵 하고 소리가 들린다.
　二匹の人狼が天井から襲いかかってきたのだと気づいたロルムンド兵たちは、慌てて魔撃杖を屋内に構え直す。	두마리의 늑대 인간이 천장에서 덮친 것이라고 깨달았다 롤뭉도병들은 황급히 마격 지팡이를 실내에 있는다.
「遅えよ」	" 늦었다."
「兄ちゃん、そっちに一人いるぞ」	"오빠, 거기에 혼자 있을 거야"
　人間の言葉でそう言っているのが聞こえた気がしたが、屋内は一瞬で惨劇の舞台に変わった。	인간의 말로 그렇게 말하고 있는 것이 들린 생각이 들었지만 실내는 순식간에 참극의 무대로 바뀌었다.
「うわああぁ！」	"우와 아!"
「もうダメだ、逃げろ！」	"이제 안 되고 달아났다!"
　何人が倒されたのか。何人が逃げ出せたのか。	몇명이 쓰러졌는가.몇명이 도망 갔는가.
　ナタリアには、もうわからなかった。	나타리아는 이제 몰랐다.
　魔撃杖を担ぎ、路上に飛び出す。	마격 지팡이를 메고 노상으로 뛰어나가다.
「ヒャハァ！　女だ！」	"햐하아!여자다!"
「おい、殺すな！　捕まえろ！」	"야, 죽이지 말라! 잡아!"
「武器に用心しろ！　じわじわ追いつめるんだ！」	"무기에 조심하자 서서히 몰아!"
　凶悪な人相の大男たちが叫んでいる。	흉악한 인상의 인물들이 외치고 있다.
「このっ！」	"이!"
　声のする方向に狙いを定めようとしたとき、民家の壁が崩れて二匹の人狼が現れた。真っ赤な体毛を持つ、血塗れの人狼だ。	목소리가 나는 쪽으로 겨냥하라고 했을 때 민가의 벽이 무너지고 두마리의 늑대 인간이 나타났다.빨간 체모를 갖고 피투성이의 늑대 인간이다.
「ひっ!?」	" 걸리죠?"
　ナタリアは人狼に背を向け、駆け出す。	나타리아는 늑대 인간을 외면하고 뛰어나가다.
「はっ、はぁっ、はあ、はぁっ……」	"예, 하악, 하아, 하악……"
　息が苦しい。こんなことなら、基礎訓練をもっときちんと受けておけば良かったと思う。	숨차다.이런 것이라면 기초 훈련을 더 제대로 받아 두었으면 좋겠어.
　高魔力と集中力を評価され、重狙撃小隊に配属されてからは、体力づくりが疎かになっていた気がする。	고 마력과 집중력을 평가 받아 중 저격 소대에 배속된 이후 몸 만들기가 소홀히 된 느낌.
　帰国したら、もう少し鍛え直さなければ。	돌아가면 좀 더 단에직사야.
　もし帰国できればの話だが。	만약 귀국하면 말이다.
　リューンハイトの街の中は、ひどく静かだ。ときおり狼の遠吠えが聞こえるが、それ以外に戦闘を感じさせる物音はしない。	류ー은 하이트 거리의 안은 몹시 조용하다.가끔 늑대의 뒤에서 하는 비난이 들리지만, 그것 이외에 전투를 느끼게 하는 소리는 하지 않는다.
　どうやらナタリアは夢中で走っているうちに、戦闘区域から外れてしまったらしい。懲罰モノだ。	아무래도 나타리아는 정신 없이 달리다 보면 전투 구역에서 벗어나고 말았다는군.징벌 것이다.
　だが今この瞬間を生き延びられるのなら、もう何でもよかった。	하지만 지금 이 순간을 살아 있다면 이제 무엇이든 좋았다.
　ナタリアは息を整え、重狙撃小隊用の長い魔撃杖を本当に杖にしてすがった。これも懲罰モノだ。	나타리아는 숨을 고른 중저격 소대용 긴 마격 지팡이를 정말 지팡이에 매달렸다.이것도 징벌 것이다.
　第二小隊は壊滅しただろう。他の小隊は無事なのだろうか。	두번째 소대는 괴멸했을 것이다.다른 소대는 무사할까.
　通信用の指輪は小隊長しか持っていないので、ナタリアにはわからない。	통신용 반지는 소대장밖에 갖고 있지 않아서, 나타리아는 모른다.
　少し落ち着いたところで、ナタリアは痛みにうめいた。	조금 차분한 곳에서 나타리아는 아픔에 외쳤다.
「う……痛……」	"우……통증……"
　脱出したときにあちこちぶつけたらしく、肩と足が痛い。魔撃杖の連射で、体力も魔力も消耗しきっている。	탈출했을 때 여기저기 부딪힌 듯 어깨와 다리가 아프다.마격 지팡이의 연속 사격에서 체력도 마력도 소모되지.
　とりあえず休もうと思ったとき、路地の向こうから若い男が一人現れる。服装と穏やかな顔つきを見る限り、ただの市民のようだ。	일단 쉬고 생각했을 때, 골목 저편에서 젊은 남자가 한명 나타난다.복장과 온화한 얼굴을 보면 그냥 시민 같다.
　若い男は気さくな口調で、笑みを浮かべた。	젊은 남자는 소탈한 어조로 미소를 지었다.
「どうした？」	"왜 그래?"
　ナタリアは申し訳ない気持ちで、彼に返事をする。	나타리아는 죄송스런마음에 그에게 대답을 하다.
「すみません、危害は加えませんので、どこか休める場所を……」	" 죄송합니다, 위해는 가하지 않아서, 어딘가 쉴 곳을……."
　そのとき、ナタリアはハッと気づく。	그때 나타리아는 번쩍 깨닫는다.
　おかしい。	이상하네.
　市民なら、戦闘を避けて避難するのでは？	시민이라면, 전투를 피하고 나갈 것은?
　ナタリアはとっさに魔撃杖を構えた。そして叫ぶ。	나타리아는 엉겁결에 마격 지팡이를 차렸다.그리고 외친다.
「と、止まって！　あなたは本当に人間ですか!?」	"과 멈추고!당신은 정말 인간인가요?"
「いいや？」	"아니?"
　その瞬間、男が変身した。	그 순간 남자가 변신했다.
　黒い人狼だ。	검은 늑대 인간이다.
「きゃああああぁ!?」	"야호 아 아!?"
　思わず撃った。	무심코 쏘았다.
　黒い人狼は放たれた光弾を避けようともしなかった。直撃だ。	검은 늑대 인간은 해방된 광탄을 피하려고도 하지 않았다.직격탄이다.
　それなのに倒れない。どこも傷つかない。	그런데도 쓰러지지 않는다.어디도 다치지 않는다.
「ひっ!?　うわぁっ！」	" 걸린다!?우와!"
　もう一発。二発。三発。	한대.두발.세대.
　内門破壊用に大量の魔力を充塡しておいた魔撃杖から、高威力の光弾が放たれる。	네이먼 파괴용으로 대량의 마력을 충전했던 마격 지팡이에서 고 위력의 광탄이 띄운다.
　なのに倒れない。	것에 넘어지지 않는다.
　やがて魔撃杖の魔力が尽きた。そしてナタリア自身には、もう魔力が残っていない。	이윽고 마격 지팡이의 마력이 떨어졌다.그리고 나타리아 자신이 이제 마력이 남지 않는다.
　黒い人狼はゆっくりと歩いてくる。	검은 늑대 인간은 천천히 걸어오다.
「どうした？」	"왜 그래?"
　さっきと同じ口調だったが、ナタリアの理性はその一言で決壊した。	아까와 같은 어조였지만, 나타리아의 이성은 그 한마디로 무너졌다.
「うわああああぁ！」	"우와 아 아!"
　魔撃杖を両手で握り、長大なそれで殴りかかる。	마격 지팡이를 양손으로 잡고 장대한 그래서 주먹을 휘둘러.
　だが簡単に受け止められ、人狼の凶悪な牙が近づいてきた。	하지만 쉽게 받아들여지면서 늑대 인간의 흉악한 송곳니가 다가왔다.
　もうダメだ。勝てる相手じゃない。	이제 안 된다.이기는 사람이 아니다.
　ナタリアは腰の小剣を抜くと、ロルムンドの軍規通りにそれで自分の喉を刺し貫こうとした。	나타리아는 허리 쇼켄을 거르면 롤뭉도의 군기대로 그래서 자신의 목을 꿰뚫다로 했다.
　その瞬間、ひどく慌てた声が聞こえる。	그 순간 몹시 당황한 목소리가 들린다.
「うわぁ!?　待て、こらやめろバカ！」	"우와!? 기다린다, 여기 그만두고 바보!"
　肩をつかまれたと思った瞬間、急に手足が動かなくなった。ナタリアはその場に倒れ伏す。	어깨를 잡혔다고 생각한 순간, 갑자기 손발이 움직이지 않게 됬다.나타리아는 그 자리에 쓰러져서 엎드린다.
　魔法を使われたのだと気づいたときには、全身の筋肉が弛緩してしまっていた。	마법을 사용한 것이라고 알아차렸을 때는 전신의 근육이 이완되어 버렸다.
「たす……ひめさ……ま……」	" 더한다……아가씨 말야...뭐……"
　叫ぼうとしたナタリアの意識が、すうっと遠くなる。	외친 나타리아의 의식이 사르르 멀어진다.
　闇に包まれていく世界の中で、さっきの声が聞こえてくる。	어둠이 깔리는 세계 속에서 아까의 목소리가 들린다.
「ふふ、心配するな。お前の大事なお姫様には後で会わせてやる」	"후후, 걱정 마라.너의 소중한 공주가 나중에 만나게 하고"
　絶望の中、ナタリアは意識を失った。	절망 속, 나타리아는 의식을 잃었다.
　一方その頃。	한편 그 무렵.
　リューンハイト東門に接近しつつあった傭兵隊は、足取りが重かった。	류ー은 하이트 동문으로 접근하고 있던 용병대는 발걸음이 무거웠다.
　危険な攻城戦だというのに、市内での略奪が許可されていないのだ。	위험한 공성전인데, 시내 약탈이 허용되지 않는 것이다.
　やってられない。	못 해먹겠다.
　それでも支払われた報酬に対しては、十分な働きをしなくてはいけない。信用の問題になる。	그래도 받은 보수에 대해서는 충분한 기능을 하지 않으면 안 된다.신용의 문제가 된다.
　若い傭兵が抜き身の剣を手に、小さく溜息をつく。	젊은 용병이 칼의 검을 손에 작은 한숨을 쉬다.
「魔都に攻め込むなんて怖いなあ……」	"마도에 파고들다니 무섭군……"
　すると古参の傭兵がクロスボウに太矢を装塡しながら、豪快に笑い飛ばした。	한다고 고참 용병들이 석궁에 태시을 장전하며 호쾌하게 웃어넘겼다.
「あんまり気負うな、もらった分だけ仕事すりゃいいんだ。山賊より簡単だろ？」	"많이 분발하다 말고 받은 만큼 일하고 좋아.산적보다 간단하잖아?"
「確かに山賊になるよりはマシっすけど……」	"확실히 산적이 되기보다는 덜한데요..."
　捕まって縛り首になるよりはマシだと思って山賊ではなく傭兵にしたのだが、黒狼卿のいる魔都リューンハイトに攻め込むぐらいなら山賊のほうがマシだったかもしれない。	붙잡혀서 교수형이 되기보다는 낫다고 생각하고 산적이 아니라 용병으로 했는데 흑랑 추기경의 있는 마도 류ー은 하이트에 쳐들어가다 정도면 산적이 낫이었는지도 모른다.
　そんなことを思う若い傭兵だった。	그런 것을 생각하는 젊은 용병이었다.
　古参の傭兵は素早く、だが決して息切れしない程度に歩きながら若い傭兵の背中を叩く。	고참 용병은 재빨리 그러나 결코 숨이 가쁘지 않을 정도로 걸으며 젊은 용병의 등을 두드린다.
「しっかりしろ。あの皇女さんが勝てば、褒美はたんまりもらえるぞ」	"확실히 해라.그 왕녀 씨가 이기면 상은 듬뿍 주겠다"
「負けたら？」	" 진다면?"
「次の戦で勝てばいい。あの皇女さんに次はないだろうが、俺たちゃ関係な……」	"다음 전쟁에서 이기면 좋다.그 왕녀에게 다음은 없겠지만, 나 가는 관계야……"
　古参の傭兵が、ふと首を傾げて立ち止まった。	고참 용병들이 문득 고개를 갸웃하고 멈춰섰다.
　若い傭兵も立ち止まり、周囲の傭兵たちも立ち止まる。	젊은 용병도 멈춰서고 주위의 용병들도 멈추어 선다.
　古参の傭兵がつぶやく。	고참 용병들이 중얼거린다.
「今、なんか聞こえたぞ」	"지금 뭔가 들렸다."
　一同が耳を澄ませると、遠くから太鼓の音が聞こえてきた。	일동이 귀을 맑게 하면 멀리서 북 소리가 들렸다.
「おい、これ……」	"야, 이거……"
「間違いない、ロッツォのクソ行進曲だ」	"틀림없이 롯츠오라는 행진곡이다"
　たちまち傭兵たちの動きが止まり、彼らは剣を鞘に納め、弓や盾を背負う。帰り支度だ。	순식간에 용병들의 움직임을 멈추고 그들은 검을 칼집에 넣고 활과 방패를 짊어진다.돌아갈 채비다.
「もう来やがったよ……割のいい仕事だったのに」	"벌써 왔는걸요...짭짤한 일이었는데"
「おい誰だ、ペトーレのクソ爺にチクッたのは？」	"이봐 누구야, 페토ー레라 영감에 치쿳 것은?"
「知らねえよ、どうせディーゴんとこだろ」	" 알겠어, 어차피 디ー고 있는 데잖아"
「ウチじゃねえよ!?」	"나 아니야!?"
　帰り支度を始めた傭兵たちに、若い傭兵は戸惑う。	돌아갈 채비를 시작한 용병들에게 젊은 용병은 당황한다.
「帰っちゃうんすか？　ロッツォって南部の漁港でしょ？　なんで？」	" 돌아갈 거예요?롯츠오는 남부의 어항죠?왜?"
　すると古参の傭兵が彼の肩に手を置いて、息子に言い聞かせる父親のように告げた。	한다고 고참 용병들이 그의 어깨에 손을 얹고 아들에게 타이르다 아버지처럼 말했다.
「いいか、ミラルディアで傭兵稼業を続けたかったら、ロッツォの軍旗にだけは逆らうな」	" 괜찮은가, 미라 루디아에서 용병 노릇을 계속하고 싶다면 롯츠오의 군기만 거스르지 마라"
「どういうことっすか!?」	"무슨 말요?"
　他の傭兵たちが、口々に答える。	다른 용병들이 제각기 대답한다.
「あの爺に睨まれたら、ミラルディアじゃ傭兵できなくなるぞ。おっそろしく執念深いからな」	"그 영감에 노려보고 있으면 미라 루디아는 용병할 수 없게 된다.있으며 그것밖에 집념 깊으니까"
「あいつ、こっちの契約なんかお構いなしだ。まじクソ爺だぜ」	"저 녀석, 이쪽의 계약은 대접이 소홀하다.정말 빌어먹을 영감이라구"
「でも待遇はいいんだよな、ロッツォ」	"이라도 대우는 좋아?롯츠오"
「元老院もあのお姫さんももうダメっぽいし、次はロッツォの交易商組合かな……お前どうする？」	"원로원도 그 공주님도 이제는 되어 버리고 다음은 롯츠오의 교역상 조합까...너 어떡하지?"
「そうだな、久しぶりに埠頭倉庫の番人でもやるか」	"그래, 오랜만에 부두 창고 지기라도 하나"
　若い傭兵はまだ少し迷いがある様子で、古参兵に尋ねる。	젊은 용병은 아직 조금 망설여모습에서 고참병에게 묻는다.
「でもロッツォ軍は外でしょ？　リューンハイトに突入したら関係なくないっすか？　ちゃんと契約守ったほうが……」	"에서도 롯츠오 군은 밖이지?류ー은 하이트에 돌입하자 관계 없나요?잘 계약 지키는 것이……"
　古参の傭兵は溜息をつく。	고참 용병은 한숨을 쉬다.
「ロッツォ軍がリューンハイトに突入してきたら、市内で挟み撃ちにされるぞ。それにな」	"롯츠오군이 류ー은 하이트에 돌입하면 시내에서 협공한다.그것 말이야~"
　彼はリューンハイトの城壁を指さした。	그는 류ー은 하이트의 성벽을 가리킨.
「あそこになんか見えるだろ？」	"저기에 보이지?"
「えー……あ、はい。旗？　真っ赤でボロボロっすね」	"에……아, 네.깃발? 새빨가며 너덜너덜하네요 "
　リューンハイトの城壁に、爪で引き裂かれたような赤い旗が翻っている。	류ー은 하이트의 성벽에 손톱으로 찢긴 듯한 붉은 깃발이 나부끼고 있다.
「坊主、あれも覚えとけ。『爪のウォッド』の血染め旗だ」	"중, 저것도 기억했던 둬.『 손톱 우오쯔도 』의 피로 물든 깃발이다"
「爪のウォッド？」	"손톱 우오쯔도?"
　古参の傭兵はどこか懐かしむような口調で、こう続ける。	고참 용병은 어딘가 그리워하는 듯한 어조로 이렇게 계속한다.
「伝説の傭兵だよ。隠し武器の達人でな、丸腰にしか見えないのに、えげつない凶器で敵を切り刻む男さ。まだ生きてやがったのか」	"전설의 용병이야! 숨겨무기의 달인이야, 맨주먹밖에 안 보이는데, 잔인한 흉기로 적을 다진 남자야.아직 살아 버린 것?"
　すると他の傭兵たちも旗を見つめる。	그러자 다른 용병들도 깃발을 쳐다본다.
「別名が『切り裂きウォッド』とか、『血塗れウォッド』とか、とにかく血ち腥なまぐさいんだよな」	"별명이 『 발기우오쯔도 』거나 『 피투성이 우오쯔도 』, 어쨌든 피 같아 비린내가 나다 나마그사이어"
「ああ、おまけに戦ってるところは味方にも見せないって聞いたな。秘密の暗殺術を使うんだとか」	"아, 게다가 싸우고 있는 곳은 아군으로도 보이지 않다고 들었네.비밀 암살 방법을 사용이라고"
「そして戦った相手は必ず殺してるから、どんな武器をどう使って殺してるのか、誰も知らないのさ」	"그리고 싸운 상대는 반드시 죽이고 있어서 어떤 무기를 어떻게 사용하고 죽이는 건지 아무도 모르는 거야"
　古参の傭兵たちから語られる、恐るべき伝説の数々。	고참 용병들에서 이야기하는 무서운 전설들이다.
　若い傭兵は恐々といった感じで、こう尋ねた。	젊은 용병은 불라며 이렇게 물었다.
「ほんとに本物っすか？」	"정말 진짜예요?"
「確かめるぐらいなら俺は逃げるね。俺はあいつが盗賊の砦に一人で乗り込んで、十六人全員をバラバラにしちまったのを知ってるからな」	"확인하느니 나는 피하는구료.나는 그 녀석이 도적의 보루가 혼자 타고 열 여섯명 전원을 토막내는 버린 것을 알고 있으니까"
「……まじで？」	"……진짜?"
　怯える新米傭兵の肩をポンポン叩いて、古参の傭兵は笑った。	겁먹은 햅쌀 용병의 어깨를 팍팍 때리고, 고참 용병은 웃었다.
「ほれ、行くぞ。お前の面倒ぐらい俺がみてやる。ついてこい」	"거봐,, 간다. 너의 뒤치다꺼리 정도 내가 봐야겠어.따라온다"
「あ、はい」	"아, 네"
　傭兵たちが戦場を離脱していく。	용병들이 전장을 이탈한다.
　慌てたのは東門の攻略を担当していたロルムンド兵たちだ。	당황한 것은 동문의 공략을 담당했던 롤뭉도병들이다.
「お、おい待て！　契約と違うぞ！」	"오, 어이 있습니다 계약이 아니라고!"
　だが傭兵隊長たちは首を横に振った。	하지만 용병 대장들은 고개를 가로 저었다.
「すまん、契約違反は謝る。だが俺たちはミラルディアの傭兵なんでな。ミラルディアで暮らしていけなくなるのは困るんだ」	"미안, 계약 위반은 사과. 그러나 우리는 미랄디아의 용병 거든.미랄디아에서 살고 못 갈 것은 곤란하구나"
　傭兵たちの理屈に、ロルムンド兵たちは激怒する。	용병들의 논리에 롤뭉도병들은 격노하다.
「ここで逃げるぐらいなら、最初から来るんじゃねえよ！」	"여기서 도망 가느니 아예 오지 않아!"
「まったくだ」	"정말 그렇다"
　傭兵隊長の一人が苦笑し、指をパチンと鳴らす。	용병 대장의 한 사람이 쓴웃음 하고 손가락을 딱 울리다.
　周囲に展開していた傭兵たちが一斉にクロスボウを構えた。	주위에서 전개되고 있던 용병들이 일제히 석궁을 차렸다.
「なっ!?」	"뭐!?"
　驚いて立ちすくむロルムンド兵たちに、傭兵隊長が笑う。	놀라서 잠깐 롤뭉도병들에게 용병 대장이 웃는다.
「俺たちはあんたらをここで始末して、その首を南部連邦に売り込むこともできる」	"우리는 당신들을 여기서 마무리하고 그 목을 남부 연방에 파는 것도 있다"
　別の隊長が続けた。	다른 대장이 계속했다.
「だがもちろん、そんなことはしない。それに契約金には違約金をつけて返す。それで勘弁してくれ」	" 하지만 물론 그런 일은 하지 않는다. 그것에 계약금에는 위약금을 붙여서 갚다.그래서 봐주시게나"
　勘弁するもなにも、これ以上文句を言うなら殺すと言われているのだ。	용서해도 아무것도 더 이상 불평을 말한다면 죽인다고 말하고 있다.
　数名しかいないロルムンド兵たちは、黙るしかなかった。	몇명밖에 없롤뭉도병들은 침묵밖에 없었다.
「勝手にしろ、卑怯者どもが！」	"마음대로 해라, 비겁자들이!"
「そりゃあ俺たちはミラルディアの傭兵だからな！　あばよ、ロルムンド人ども！」	"그건 우리들은 미랄디아의 용병이니까!안녕, 롤뭉도 사람들!"
　傭兵隊長たちが笑い、馬にまたがって去っていく。	용병 대장들이 웃고 말에 걸터앉아 떠난다.
　その頃、リューンハイトから少し離れた丘の上に遊牧民たちの騎馬隊が控えていた。	그 무렵 류ー은 하이트에서 조금 떨어진 언덕 위에 유목민들의 기마대가 대기하고 있었다.
「太鼓はもういい。傭兵たちが退却を始めた」	"북은 그만 됐어.용병들이 퇴각을 시작했다"
　見張りの男がそう言うと、一団は演奏を中断した。	문지기의 남자가 그렇게 말하면 일단은 연주를 중단했다.
「これでいいのか？　アラム殿の頼みなら、一晩でも続けてみせるが」	"이것 말이냐?아람님의 부탁이면 하룻밤에서도 계속 보이지만"
「いや、もう大丈夫そうだ。ロッツォの軍旗も全部片づけておけ。ペトーレのクソ爺からの借り物だ。汚すとうるさい」	"아니, 이제 괜찮은 것 같다. 롯츠오의 군기도 다 치운다. 페토ー레라 영감의 임대이다.더럽히면 시끄럽다"
　彼らはシャルディール太守アラムに頼まれ、ロッツォ軍のふりをして傭兵たちを退却させたのだ。	그들은 샤르 디는 태수 알람의 부탁을 받고 롯츠오군인 체하고 용병들을 퇴각시킨 것이다.
「これで街に移った若い連中も、良くしてもらえるだろう。アラム殿は義理堅い」	"이것으로 거리에 옮긴 젊은 패들도 좋게 할 것이다.아람전은 의로운 "
「ああ、そうだな。さあ報告に帰ろう。義理堅いアラム殿が羊の肉を食わせてくださるぞ」	"아, 그래. 자 보고에 돌아간다.의로운 아람전이 양 고기를 먹이세요."
　砂漠の遊牧民たちは傭兵の退却を見届けると、馬を駆って戦場から姿を消した。	사막의 유목민들은 용병의 퇴각을 지켜보겠다고 말을 몰고 전장에서 사라졌다.
　　　　＊　　　　　　＊	＊ ＊
　俺は気絶させたロルムンド兵の女の子を、ベルーザ陸戦隊に預ける。	나는 혼절시킨 롤뭉도병의 여자 아이를 벨ー자 육전대에 맡기다.
「すまん、捕虜たちの保護と監視を頼む」	"미안, 포로들의 보호와 감시를 부탁"
「任せてください、ヴァイトの旦那！　おい、水と布もってこい！」	" 맡기세요, 우아이토의 남편!어이, 물과 천으로 오너라!"
「おう、こりゃ毛布もいるな」	"어, 이건 담요도 있구나"
　鉄の規律できびきびと動く凶悪なモヒカンたち。	철의 규율로 시원시원하게 움직이는 흉악한 모히칸들.
　ちょっと見栄っ張りのガーシュが、わざわざ送り込んでくるだけのことはあるな。	좀 허풍 가슈가 일부러 보내고 오는 것이 있구나.
　俺は敵の生存者を治療した上で、彼らを捕虜として扱うことにした。	나는 적의 생존자를 치료하고 그들을 포로로 다루기로 했다.
　この調子でバンバン捕まえていくぞ。	이런 식으로 빵빵 잡고 갈께.
　お前ら全員人質にしてやる。	너희들 모두 인질로 잡다.
　敵から奪い取った通信用の指輪を掌でもてあそびながら、俺は笑った。	적에게서 빼앗은 통신용 반지를 손바닥으로 추근대며 나는 웃었다.
「隊長、またヤツです！　黒い人狼！」	"대장, 또 녀석입니다! 검은 늑대 인간!"
「接近戦に持ち込まれるな！」	"접근전에 반입되지 마라!"
　俺は敵の通信を傍受し、「第三軽騎小隊」を追い込んでいた。	나는 적의 통신을 감청하고"셋째 경기 소대"를 몰고 있었다.
　例の鳥みたいなのに乗った連中だ。ちょこまかと走り回る彼らにはベルーザ兵たちも苦戦していたようだが、俺が通信を傍受して先回りしている。	그 새 같은 것에 탄 사람들이다.부산하게 뛰어다니는 그들에게는 벨ー자병들도 고전하던 것 같은데, 내가 통신을 감청하고 제공하고 있다.
　ほらきたぞ。	자 왔어.
「なんだこいつ！　なぜ倒れない!?」	"뭐야 이 녀석!왜 쓰러지지 않아!?"
「撃て！　撃ちまくれ！」	" 쏜다! 쏴마크레!"
　光の弾がびしばしと飛んでくる。	빛의 총알이 비시바시으로 날아온다.
　流れ弾が家屋や味方に当たると困るので、俺は手をかざした。	유탄이 가옥이나 편에 맞으면 곤란하니까, 나는 손을 댔다.
　頭の中で「渦」をイメージすると、俺の掌に光弾が吸い寄せられていく。もちろん俺は何ひとつダメージを受けず、代わりに魔力を回復していた。	머릿속에서 "소용돌이"를 떠올리면 내 손바닥에 광탄이 빨려 들고 있다.물론 나는 아무 타격을 받지 않고 대신에 마력을 회복했다.
　やはりこれは、師匠の能力の一部だ。	역시 이것은 스승의 능력의 일부이다.
　学術的な興味が湧いてくるが、今は目の前の敵を無力化しよう。	학술적인 흥미가 솟아 오지만 지금은 눈앞의 적을 무력화한다.
　俺は贅沢に強化魔法を使用し、限界まで加速した。普段はこんな加速をすると燃費が悪すぎるのだが、今は敵が魔力を回復してくれる。	나는 사치에 강화 마법을 사용하는 한계까지 가속했다.평소에는 이런 가속을 하면 연비가 떨어지는 것이지만, 지금은 적이 마력을 회복한다.
「ヤツが消えた!?」	"녀석이 사라졌어!?"
　消えてないよ。	사라지지 않아.
　お前の背後にいるだけだ。	너의 배후에 있을 뿐이다.
　さっきの少女兵士の件で、ロルムンド兵が素直に投降しないのはわかっている。	아까 소녀 병사의 건으로, 롤뭉도병이 순순히 투항하지 않는 것은 알고 있다.
　だから俺は敵のど真ん中に飛び込み、全力で吠えた。	그래서 나는 적의 한복판에 뛰어들어 힘껏 포효했다.
　俺の唯一最大のオリジナル技、「ソウルシェイカー」だ。	나의 유일하게 최대의 오리지널 기술,"서울 셰이커"이다.
　だが今回は魔力がみなぎりすぎているせいか、威力が桁違いだった。	하지만 이번에는 마력이 넘치는아서 그런지, 위력이 월등했다.
「うわっ!?」	"우왓!?"
「ぐっ！」	"푹!"
「ぬあっ！」	"누 아!"
　ロルムンド兵がまとめて吹っ飛び、騎乗していた鳥ごと気絶する。	롤뭉도들이 한꺼번에 날아가고 승마했던 새들 기절하다.
　周囲の建物がびりびりと震え、窓ガラスが全部粉々に砕けた。	주위의 건물이 드르르 떨며 유리창이 다 산산조각으로 부서졌다.
　俺が街を壊してどうするんだ。	내가 거리를 부수어서 어떡하니.
　だが全員気絶したのに、どこからか声が聞こえる。	하지만 모두 기절한 데 어디선가 목소리가 들린다.
『……えるか!?　退却許可を出す、ただちに撤退しろ！』	『...수 있을까!?퇴각 허가를 내고 즉각 철수하라!』
　エレオラ皇女の声だ。通信機からだな。	에레 오라 왕녀의 목소리다.통신기에서이야.
　俺は通信用の指輪に、こう告げた。	나는 통신용 반지에 이렇게 말했다.
「第三軽騎小隊は全滅した。次はお前の番だ、エレオラ皇女殿下」	"셋째 경기 소대는 전멸했다.다음은 너의 차례다, 에레오란 왕녀 전하"
『貴様は黒狼卿!?』	『 네놈은 흑랑 경!?』
　驚く彼女の声に、俺は笑い声を浴びせる。	놀라게 그녀의 목소리에 나는 웃음 소리를 퍼붓다.
「さあ、どこまでも逃げるがいい。人狼の狩りを盛り上げてくれ」	"자, 어디까지나 도망이 좋다.늑대 인간의 사냥을 북돋아 주었다"
　返事を待たずに俺は通信を切った。	대답를 기다리지 않고 나는 통신을 끊었다.
　今のはもちろん、エレオラ皇女の性格を逆手に取った挑発だ。	지금 것은 물론 에레오란 왕녀의 성격을 역수로 취한 도발이다.
　彼女は部下を何よりも大事にしている。少し過剰なほどだ。	그녀는 부하를 무엇보다 소중히 여겼다.조금 지나친 정도다.
　その部下を大量に失って、リューンハイトへの攻撃も失敗しつつある。	그 부하들을 대량으로 잃고 류ー은 하이트에 대한 공격도 실패하고 있다.
　そこに敵から「逃げろ」と言われたら、彼女はどうするか。	거기에 적으로부터 " 달아났다"라고 말했다면, 그녀는 어떻게 할까.
　たぶん逃げないだろう。	아마 도망 가지 않을 것이다.
　普段の彼女には挑発など通用しないだろうが、今ならいけると思う。	평소의 그녀는 도발 등 통용되지 않겠지만, 지금은 안 된다고 생각한다.
　リューンハイト新市街の西側では、組織的な戦闘はほぼ終わったようだ。	류ー은 하이트 싱시가의 서쪽에서는 조직적인 전투는 거의 끝난 것 같다.
　東門にはなぜか敵が来ていないそうだし、勇猛で鳴らす竜人の騎兵たちもいる。	동문에는 왠지 적이 오지 않다고 하고, 용맹에서 울리는 용인 기병들도 있다.
　最初の攻勢はなんとかしのげたと思う。	최초의 공세는 그럭저럭 견딜 수 있었다고 생각한다.
　すでに各都市には伝令を飛ばしている。夜が明ける頃には、周辺の都市から援軍が到着するだろう。	이미 각 도시에는 전령을 날리고 있다.동이 틀 무렵에는 주변 도시에서 원군이 도착할 것이다.
　そうなるとエレオラ皇女もさすがに逃げるだろう。	그러면 에레오란 왕녀도 역시 도망 갈 것.
　進入してきた敵は二十人ずつの小隊で、確認できた限りでは第二小隊から第五小隊までいた。「第一小隊」は確認できていない。	진입한 적은 스무명씩의 소대에서 확인한 한에서는 두번째 소대에서 다섯번째 소대까지 있었다."제일 소대"는 확인할 수 없다.
　俺は城門を飛び出し、西の森に近づく。	나는 성문을 나오고 서쪽 숲에 다가가다.
　今の俺の知覚は魔法で強化されていて、かなり広範囲の魔力を感じられる。	지금의 나의 지각은 마법에서 강화되고 있어 상당히 광범위한 마력을 느낀다.
　魔撃兵器を使う彼らは、一般人よりも魔力が強い。それが二十人ほどいるのなら、追跡は簡単だ。	마귀 공격 무기를 사용하는 그들은 일반인보다 마력이 강하다.그게 스무명 정도 있다면, 추적은 간단하다.
　魔撃杖を警戒する必要はないが、精鋭二十人が待ち伏せしている森の中に入るのは緊張する。	마격 지팡이를 경계할 필요는 없지만, 정예 스무명이 매복하는 숲 안에 들어오는 것은 긴장한다.
　でも俺一人だから何とかなるだろう。	그래도 나 혼자라서 어떻게 되겠지.
　そしてエレオラ皇女は案の定、すぐに見つかった。	그리고 에레 오라 왕녀는 아니나 다를까 금방 찾았다.
　森の中の少し開けた場所に、たった一人でエレオラ皇女が岩に腰掛けている。	숲속 조금 트인 장소에 홀로 에레오라 아들이 바위에 앉아 있다.
　周囲には多数の殺気。……というか多人数の魔力。茂みや樹の上に、全部で十八人いるな。	주위에는 다수의 살기.……라고 할까 많은 사람의 마력.수풀과 나무 위에 모두 열여덟명 있구나.
　俺は警戒しつつ、エレオラに向かってまっすぐ歩いていく。	나는 경계하면서도 엘레 내를 향해서 쭉 걸어간다.
「エレオラ。兵を隠しても無駄だぞ」	"에레 오라.군사를 숨겨도 소용없겠다"
　すると彼女は苦笑してみせる。	그러자 그녀는 고소하겠다.
「やはりわかるか？」	"역시 알겠는가?"
「息を止めて土と同じ匂いにでもならない限り、俺の知覚からは逃れられん」	"숨을 멈추고 흙과 같은 냄새도 하지 않는 한 나의 지각에서 벗어날 수 없는 "
　エレオラはびっくりするほど穏やかな表情で、俺を見つめている。	에레 오라는 놀라울 정도로 온화한 표정으로 나를 바라보고 있다.
「どうした、私を殺さないのか？」	"왜 그래, 나를 죽이지 않는가?"
「さて、どうしたものかな……」	"자, 어찌 된 걸까..."
　殺すだけならいつでもできるが、皇女を殺すとやっかいなんだよな。	죽이면 언제든 할 수 있지만, 왕녀를 죽이면 귀찮은 거지.
　するとエレオラは意地の悪い表情を浮かべた。	그러자 엘레 오라는 짓궂은 표정을 지었다.
「殺すつもりがないのなら、なぜ降伏勧告をしないのか？」	" 죽일 생각이 없다면 왜 항복 권고를 하지 않는가?"
　俺は笑う。	나는 웃는다.
「降伏する気がない者に、いちいちそんな無駄なことはせんよ」	"항복할 생각이 없는 자에게 일일이 그런 쓸데없는 짓은 하네"
　さっきの少女兵士は、俺に勝てないと思った瞬間に躊躇なく自害しようとした。	아까 소녀 병사는 내가 이길 수 없다고 생각하는 순간 주저 없이 자해하려 했다.
　おそらくロルムンド軍では、捕虜になることを禁じられているのだ。それが徹底されている。	아마 롤뭉도군에서는 포로가 되는 것을 금하고 있는 것이다.그것이 철저되고 있다.
　だったら皇女であるエレオラが降伏するはずがない。	그럼 황녀인 에레오라이 항복할 리 없다.
　案の定、エレオラはうなずく。	아니나 다를까, 에레 오라는 고개를 끄덕였다.
「皇女といっても、いや、皇女だからこそ、私には何の選択権もない。貴殿の予想通り、私は降伏せんぞ」	"왕녀라고 해도, 아니 왕녀 그러니까 저에게는 아무 선택권도 없다.귀하의 예상대로 나는 항복하지 마."
「ならば力ずくで身柄を拘束させていただこう。自害する暇もなく、な」	" 그렇다면 우격다짐으로 구속한다.자해할 시간도 없다, 그치"
　俺の言葉にエレオラはあきらめたような表情を見せた。	내 말에 에레 오라는 포기한 듯한 표정을 보였다.
「やはり私に選択権はないか」	"역시 나에게 선택권은 아닌가"
　彼女は魔撃書とサーベルを捨て、丸腰で立ち上がった。	그녀는 마귀 공격서와 칼을 버리고 맨주먹으로 일어섰다.
　それから俺にゆっくり近づいてくる。	그리고 나에게 천천히 다가온다.
「黒狼卿」	"흑 랑경"
「なんだ」	"뭐야"
「貴殿には負けたよ。完敗だ」	"당신에게는 못 당하겠다.완패했다"
　敗北を認めたせいか、エレオラは妙にさばさばとした表情だ。	패배를 인정한 탓인지, 에레 오라는 묘하게 시원시원한 표정이다.
　彼女はこう続ける。	그녀는 이렇게 계속한다.
「貴殿も私も同じ侵略者だ。だがどうやら、器が違ったらしい」	"귀하도 저도 같은 침략자이지만 아무래도 그릇이 다른 것 같다"
　俺は首を横に振った。	나는 고개를 가로 저었다.
「そうじゃない。俺が幸運に恵まれ続けただけだ」	" 그렇지 않다.내가 행운아 인 뿐이다"
　俺は上司にも部下にも恵まれ、敵にも恵まれた。別に俺が偉かった訳じゃない。	나는 상사도 부하도 풍족하고 적에도 따랐다.다르게 내가 훌륭한 것이 아니다.
　するとエレオラが溜息をつく。	그러자 엘레 내가 한숨을 쉬다.
「幸運で片づけられては、せっかく敗北を受け入れる気になった私の立場がないではないか」	"행운에서 치워져서는 모처럼 패배를 수용할 기분이 된 나의 입장이 없지 않은가"
　そう言われてもな……。	그렇게 말해도…….
　俺は少し考え、自分なりに答える。	나는 조금 생각하고 나름대로 대답한다.
「もし俺と貴殿に違いがあったとすれば、俺は彼らの社会に間借りさせてもらうつもりでいたことだ。征服者として来た貴殿とは違う」	"혹시 나랑 당신에 차이가 있었다면 나는 그들의 사회에 세 들고 준비를 하는 것이다.정복자로서 온 당신과 달리"
　その言葉に、エレオラは少し驚いたようだった。	그 말에 에레 오라는 좀 놀란 모양이었다.
　だがすぐに小さくうなずく。	하지만 바로 잘게 고개를 끄덕였다.
「なるほどな……そういうものか」	" 그렇구나..그런 것?"
　最初は力ずくだったが、そこから先は恨まれたり嫌われたりしないよう、あれこれと気を配って大変だったんだからな。	처음에는 힘이었지만, 거기서부터 더는 원망하거나 싫어하지 않도록 이것 저것 배려해서 힘들었다는 거니까.
　エレオラはさらに俺に近づいた。互いの呼気が感じられるほどの距離だ。	에레 내가 더 나에게 다가갔다.서로의 호흡이 느껴질 정도의 거리이다.
「つまるところ、やはり器の違いだったということだ。良い教訓になった」	"결국 역시 그릇 차이였던 것이다.좋은 교훈이 되었다"
　そして彼女は笑う。	그리고 그녀는 웃는다.
　穏やかな、そして少し寂しそうな笑顔で。	온화한, 그리고 조금 쓸쓸한 듯한 미소로.
「だがいささか疲れてしまったよ、黒狼卿」	"이지만 약간 지쳤어, 검정 랑경"
　その言葉が終わる前に、俺とエレオラは炎の渦に包まれた。魔法による炎だ。	그 말이 끝나기 전에 내가 에레 오라는 불꽃의 소용돌이에 휩싸였다.마법의 불꽃이다.
　紅蓮の花が咲く灼熱地獄の中で、エレオラ皇女が笑っている。	새빨간 꽃이 피는 작열 지옥 속에서 에레오란 왕녀가 웃고 있다.
　とてもいい笑顔だ。全ての重圧から解放された笑顔だった。	아주 좋은 웃음이다.모든 중압에서 해방된 웃었다.
「私は破壊術師でな。自滅覚悟なら、これぐらいはできるのだよ。冥府までつきあってもらうぞ」	"나는 파괴사든. 자멸 각오라면 이 정도는 할 것이야.저승까지 사귀는 거야"
　冗談じゃない。	농담하나.
　だがこの炎、俺にも普通に熱い。	하지만 이 불길, 나도 평범하게 뜨겁다.
　そりゃそうだ。破壊魔法で引き起こされたあらゆる現象は、発生後は通常の物理法則に従う。	그건 그래파괴 마법으로 야기된 모든 현상은 발생 후에는 통상적인 물리 법칙에 따른다.
　つまりこれも普通の炎と何も変わらない。	즉 이것도 보통의 불꽃이 아무것도 바뀌지 않는다.
　俺は魔力を吸収できるが、師匠と違って熱は吸収できないようだ。これはまずいぞ。	나는 마력을 흡수할 수 있지만, 스승과 달리 열은 흡수할 수 없는 것 같다.이는 맛이 없겠다.
　エレオラ皇女は満足そうに微笑みながら意識を失い、その場に崩れ落ちた。	에레 오라 왕녀는 행복하게 웃으면서 의식을 잃고 그 자리에 푹 쓰러졌다.
　相変わらずムチャクチャするな、このお姫様は。	여전히 천방지축 하지 마라, 이 공주는.
　いや、あきれてる場合じゃない。何とかしないと俺も死ぬ。俺は炎を消すのに役立つ魔法は使えない。	아니 기가 막히는 때가 아니다.뭐라던가 하지 않으면 나도 죽는다.나는 불길을 끄기에 도움이 되는 마법은 쓸 수 없다.
　炎は竜巻のように渦を巻きながら、壁となって俺を阻む。外がどうなっているか、全くわからない。飛び込むのは無謀だ。	불길이 회오리처럼 소용돌이 치면서 벽이 되고 나를 막는다.밖이 어떻게 되어 있는지 전혀 모른다.뛰어드는 것은 무모하다.